,id,title,author,day,genre,story,platform
0,0,참교육,채용택 / 한가람,월,"스토리, 액션","무너진 교권을 지키기 위해 교권보호국 소속 나화진의 참교육이 시작된다!
&lt;부활남&gt; 채용택 작가 X &lt;신석기녀&gt; 한가람 작가의 신작!",네이버 웹툰
1,1,뷰티풀 군바리,설이 / 윤성원,월,"스토리, 드라마",'여자도 군대에 간다면?'본격 여자도 군대 가는 만화!,네이버 웹툰
2,2,소녀의 세계,모랑지,월,"스토리, 드라마","완벽해 보이지만 사실 외로웠던 백조들과 맘씨 착한 오리가 만나
여러 갈등을 함께 겪으며 진짜 친구가 되어가는 소녀들의 찐 우정물",네이버 웹툰
3,3,윈드브레이커,조용석,월,"스토리, 스포츠","혼자서 자전거를 즐겨타던 모범생 조자현.
원치 않게 자전거 크루의 일에 자꾸 휘말리게 되는데...
자유를 꿈꾸는 청춘들의 스트릿라이딩 드라마!",네이버 웹툰
4,4,장씨세가 호위무사,조형근 / 김인호,월,"스토리, 액션","‘당신이 부른 것이오. 나란 사람을... ’
은둔고수 광휘. 호위무사 되다.
웹소설 원작 웰메이드 무협 시대극!",네이버 웹툰
5,5,파이게임,배진수,월,"스토리, 스릴러","시간이 흐르면 돈이 쌓인다.
피가 흐르면 시간이 쌓인다.
과연 최후에 남을 상금과 승자는 누가 될 것인가?
짜릿한 현실감과 팽팽한 긴장감, 사회에 대한 냉철한 주제의식까지 돋보이는 &lt;머니게임&gt;의 후속편!",네이버 웹툰
6,6,만렙돌파,"성불예정,홍실 / 미노",월,"스토리, 판타지","알 수 없는 오류로 3000년간 각성 테스트에 갇힌 김기봉.
그 사이 현실에선 10년이 흘렀고, 온 세상은 몬스터와 던전으로 가득차게 되었다. 
만렙으로 귀환한 김기봉의 모든 것을 원래대로 돌려놓기 위한 싸움이 시작된다!",네이버 웹툰
7,7,삼매경,이원식 / 꿀찬,월,"스토리, 액션","학력도 재력도 변변찮은 그에게 초능력이 생겼다. 
하지만 남들만큼만 사는 게 꿈이었던 그가 더는 남들처럼은 살 수 없게 돼버리는데...",네이버 웹툰
8,8,칼가는 소녀,오리,월,"에피소드, 드라마","치사율 100%의 인싸 희귀병 소녀 '사랑'
누구보다 차분하고 두려움 없는 같은 반 소녀 '은조'
두 소녀가 가슴 속 칼을 품고 세상을 향한 복수를 꿈꾼다.
네이버웹툰 최강자전 18년 대표작.",네이버 웹툰
9,9,황제와의 하룻밤,"예영, 차승현(車昇炫) / INUS",월,"스토리, 로맨스","술김에 하룻밤을 보낸 남자의 정체가... 무려 황제라고?
겉은 아름다운 남작 영애, 속은 풍파에 쩌든 욕쟁이 할머니 '페넬로페'.
""염병, 남자가 거기서 다 거기지.""
그런 그녀에게 열렬히 구애하는 직진순정파 황제 '바트'!
""나는 네가 필요해.""
직진 황제와 독특한 영애의 본격 발랄 로맨스 판타지!",네이버 웹툰
10,10,잔불의 기사,환댕,월,"스토리, 판타지","유일한 가족이자, 최고의 기사 유망주였던 쌍둥이 동생이 살해당했다.
천재적이었던 동생과는 달리 무예에 재능이 전혀 없지만,
동생의 복수를 위해 '강함'을 연기하기로 결심했다.
약해빠진 나는 복수에 성공할 수 있을까.",네이버 웹툰
11,11,요리GO,HO9,월,"스토리, 드라마","요리고등학교 졸업 후 산에서 수련을 마친 한별.
특급 호텔 레스토랑에 인턴으로 취업하게 되지만
엄하기로 소문난 호텔 주방에서 다양한 사건들에 휘말리게 되는데...
과연 요리천재 한별은 이 어려움을 어떻게 헤쳐나갈 수 있을까?",네이버 웹툰
12,12,수영만화일기,해오,"월, 목","에피소드, 일상","백수 겸 만화가지망생 해오, 저질체력에서 벗어나기 위해 수영에 도전!
작심삼일이리라는 예상과는 다르게 어느새 수영에 익숙해진다.
'이게 대체 어떻게 된 일이야? 나…… 수영을 사랑하게 된 걸까?'
그렇게 수영을 익혀가면서 점차 몸도 마음도 성장해나가는데…….
불확실한 미래를 안고 살아가지만, 해오는 오늘도 수영한다.",네이버 웹툰
13,13,유일무이 로맨스,두부,월,"스토리, 로맨스","평범한 취준생 공유일의 일상에 
인기절정 탑배우 탁무이와 아이돌 류민이 침범해오기 시작했다! 
사심가득 탑스타♥",네이버 웹툰
14,14,아는 여자애,허니비,월,"스토리, 로맨스","어느날 갑자기 고등학생으로 돌아온 하영. 
다시 한 번 기회가 주어진다면 첫사랑을 이룰 수 있을까?
내게는 운명, 그애에겐 아는 여자애",네이버 웹툰
15,15,오늘의 순정망화,손하기,"월, 화, 목","에피소드, 개그","그마고 초엘리트집단 삼국시대 앞에 나타난 전학생 가야!
가야의 마음을 얻는 건 누구?",네이버 웹툰
16,16,히어로메이커,빤쓰,월,"옴니버스, 판타지",왕은 영웅이 되고 싶어하는 공주의 소원을 들어주기로 전격 결심! 공주를 속이고 마치 영웅이 된 것처럼 만들기 위해 온 나라가 연극을 하게 되는데..파란만장한 그들만의 눈물겨운 영웅만들기의 대장정이 펼쳐집니다~,네이버 웹툰
17,17,야생천사 보호구역,루시드,월,"스토리, 로맨스","천사 가브리엘은 악마들의 장난으로 동료천사 라파엘, 우리엘과 함께 인간 세상의 고양이로 변해버린다.
아니 이게 어찌된 일인가! 낯선 인간 세상에서 고양이의 몸이라니!
고양이가 되어버린 꽃미남 천사들과 그들의 집사가 된 소녀 은호의 세상에서 가장 무해한 로맨스! (※심장에는 유해함 주의)",네이버 웹툰
18,18,살아간다,이행복,월,"스토리, 액션","하루하루 버겁게 살아가고 있는 주인공 '권도이'.
첫사랑 '정선영'을 위해 불법도박격투기장 '하데스'에 점점 빠져 들게 되고 
오래 전 자신의 꿈이었던 종합격투기 선수를 떠올린다.
&lt;라스트 서브미션&gt; 이행복 작가의 차기작.",네이버 웹툰
19,19,싸이코 리벤지,기송 / 넴가,월,"스토리, 액션","종잡을 수 없는 싸이코 스트리머 네온마스크가
전국의 모든 일진조직들을 상대로 전쟁을 벌인다.
“너희가 나의 가족을 빼앗았으니
나는 너희의 모든 걸 짓밟아주마.”",네이버 웹툰
20,20,리턴 투 플레이어,"인덱스,엄키 / 세혼",월,"스토리, 판타지","어느 날, 게임이 되어버린 세상.
갑자기 나타난 몬스터들이 사람들을 죽이고, 사람들은 플레이어가 되어  퀘스트를 달성해야 한다!
인류의 종말에서 회귀한 2회차 플레이어, 김세한.
그는 과연 세상을 이렇게 만든 '시스템'을 쳐부술 수 있을까!",네이버 웹툰
21,21,결혼생활 그림일기,은꼼지,월,"옴니버스, 일상",조용할 날 없는 우당탕탕 두 짐승의 결혼생활 이야기!,네이버 웹툰
22,22,브랜든,d몬,월,"스토리, 드라마","할렘가 출신의 아웃사이더 브랜든은 우연히 지금과 완전히 다른 세상으로 넘어가게 되고, 그곳에서 '올미어'를 만나게 된다. 자신의 세상에선 사람인게 당연했지만 다른 세상에서는 스스로가 사람임을 증명해야만 하는 처지가 된 브랜든은 혼란에 빠지게 되는데...
&lt;데이빗&gt;,&lt;에리타&gt; d몬작가 '사람 3부작' 마지막 이야기. 
""당신은 무엇입니까?""",네이버 웹툰
23,23,평범한 8반,영파카,월,"스토리, 드라마","안 평범한 아이들이 모인 평범한 8반
고품격 웰메이드 병맛을 느껴보세요",네이버 웹툰
24,24,사장님을 잠금해제,박성현,월,"스토리, 개그","얼떨결에 죽어 스마트폰이 된 39살 대기업 천재 CEO 선주,
얼떨결에 그 스마트폰을 주운 29살 취준생 인성,
아홉수 두 사람이 힘을 합쳐 살인범을 찾는다.",네이버 웹툰
25,25,착한건 돈이된다,유성연,월,"스토리, 드라마","인기도 돈도 없는 삼류 스트리머 기찬수. 
어느 날, 전 국민적 관심을 받던 '대낮 유괴사건'이 해결된다. 
이를 해결한 '얼굴 없는 의인'은 CCTV 속 뒷모습만 남긴 채 사라졌고, 사람들의 궁금증은 점점 커져만 가는데... 
사람들이 삼류 스트리머 기찬수의 영상 속 모습과 의인의 뒷모습이 유사함을 알게 되면서, 기찬수는 하루아침에 전 국민적 영웅이 된다. 
기찬수의 영웅 행세는 과연 어디까지 갈 것인가.",네이버 웹툰
26,26,기사님을 지켜줘,달봉,월,"스토리, 판타지","첫눈에 반한 남학생을 떠올리며 언니의 피규어 '브릭'에게 뽀뽀 연습을 하는 '예은'.
그날 밤, 이상한 꿈에 눈을 떠보니 피규어가 살아 움직이며 자신의 저주를 풀 수 있도록 도와 달라고 한다.
예은은 모종의 이유로 브릭의 부탁을 받아들이고, 저주를 건 마녀에 대한 단서를 찾기 시작한다.",네이버 웹툰
27,27,바이러스X,준 / 하랑,월,"스토리, 스릴러","사망률 100%의 바이러스의 출현으로 초토화가 된 인류, 
감염 경로도 모른 채 백신을 기다리는 사람들...
이 파국의 끝은 어디인가?!!",네이버 웹툰
28,28,순정말고 순종,슈안,월,"스토리, 로맨스","하루에 무려 쓰리잡. 
스물 다섯 지언의 일과 끝에 남는 건 갑질에 시달린 스트레스와 돼지우리같은 집구석 뿐이다. 
그러다 어느날 얻게 된 인형 한 개. 이것만 있으면 대한민국의 탑 배우 남도윤을 가정부로 부려먹을 수있다...?!
2017 최강자전 대상 수상작 &lt;늑대와 빨간모자&gt; 슈안 작가의 차기작!",네이버 웹툰
29,29,꿈의 기업,문지현,월,"스토리, 스릴러","문명을 지배하는 거대기업과 
거대기업을 움직이는 인공지능.
그 인공지능이 꿈을 꾸기 시작했다.",네이버 웹툰
30,30,"선배, 그 립스틱 바르지 마요",까페라떼 / JINHA,월,"스토리, 로맨스","좋아하는 직장선배의 애인이 다른 여자와 결혼한다고?
복수를 제안하며 다가오는 완벽남의 설렘 100% 로맨틱 어택! 
화장품 회사를 배경으로 잘생김, 섹시함, 진지함을 갖춘 직진남 후배와
연하는 남자로 안 본다는 직선녀 선배
두 사람의 밀당 &amp; 설렘 로맨스",네이버 웹툰
31,31,사막에 핀 달,선지,월,"스토리, 시대극","사막의 전사 나디아. 신녀를 찾아 사막에 온 신관 이세리온은 나디아에게 신녀가 되어달라고 말한다. 
나디아는 부족을 지키기 위해 신녀가 되기로 결심하지만, 
야만인이라고 무시받는 상황에서 나디아는 과연 진짜 신녀가 될 수 있을까? 
신녀로 선택받은 나디아와 신관 이세리온의 이야기.",네이버 웹툰
32,32,왕따협상,아이아리,월,"스토리, 드라마","일진의 괴롭힘과 어머니의 집착으로 하루하루 지옥 같은 나날들.
왕따 주민성은 최악의 인생에서 벗어나기 위한 협상을 시작한다.",네이버 웹툰
33,33,마지막 지수,에리카 / 채나라,월,"스토리, 로맨스","소설가를 꿈꾸는 주인공 양지수.
어느날부터 '지수'라는 이름만 골라사귀기로 소문난 바람둥이 '혜성'이 접근해오기 시작한다.
이미 남자친구 '도혁'이 있는 지수는 혜성의 접근이 불쾌할 뿐이지만, 
한 가지 수상한 점이 자꾸만 호기심을 자극한다.
'얘가 어떻게 내 연애사를 낱낱이 알고 있는거지...?'",네이버 웹툰
34,34,두근두근 네가 좋아서,서혜은 / 박래모,월,"스토리, 로맨스","모든 게 완벽한 탑스타 서건우, 만만치 않은 신인 민서연에게 반해버렸다.",네이버 웹툰
35,35,침범,공세리 / 영영이,월,"스토리, 스릴러","6살이라고 생각하기 힘들만큼 잔혹성을 보이는 '소현', 왠지 모를 꺼림칙함이 느껴지는 고독사 청소업체 직원 '해영'.
그녀를 만난 후, 내 삶이 무너지기 시작했다",네이버 웹툰
36,36,피플,서승준 / 손창균,월,"스토리, 드라마","평범한 삶을 원하는 선장과 선원들.
바다 한 가운데서 펼쳐지는 그들의 긴박한 이야기.",네이버 웹툰
37,37,앵무살수,김성진,월,"스토리, 판타지","평범한 뱃사공으로 살고 있는 노소하. 
하지만 그의 정체는 전설적인 구파검법의 후계자다. 
이제 진시황이 남긴 비서 선근경을 향한 살수행이 시작된다.",네이버 웹툰
38,38,그림자 신부,이새인 / 덥머,월,"스토리, 로맨스","빚 갚을 돈을 벌려다가 끔찍한 위기에 빠진 설윤 앞에 신검 ‘월흔’을 든 핏빛 무사가 나타난다. 
절체절명의 위기에서 구해준 건 고맙지만 난데없이 밤시중을 들라는데...
다음 날, 7년 전쟁의 승리를 축하하는 행진 중 왕세자가 든 신검이 낯설지 않다!
“어젯밤 그가 왕세자였어?!!”",네이버 웹툰
39,39,개밥 먹는 남자,김태순,월,"스토리, 판타지","출근길에 우연히 받은 향수. 그런데 이건 보통 향수가 아니다.
나와 뚜치의 몸을 뒤바꾸는 ‘아임펫 향수’ 때문에 우리의 삶이 완전히 달라진다!
나.. 개로 살아야 하나? 향수의 정체는 뭐지?! 나와 뚜치사이에서 벌어지는 아이러니 코미디!
2020 지상최대공모전 1기 장려상 수상작!",네이버 웹툰
40,40,원하는 건 너 하나,"달콤J,박성실 / sage",월,"스토리, 로맨스","대기업 경영권을 물려받으려면 5년 전 자신을 떠난 은율과 결혼해 1년 이상 살아야 한다는 할아버지의 유언.
배신의 상처가 아직 크지만 어쩔 수 없이 5살 아이를 홀로 키우고 있는 은율과 어색한 동거를 시작하게 된다.",네이버 웹툰
41,41,라서드,감람,월,"스토리, 판타지","절대적 권능을 지닌 11인의 왕과, 왕을 수호하기 위한 기사단이 존재하는 세계.
수습기사 힌타는 파트너 캐넛과 함께 정식 기사가 되기 위한 모험을 떠나는데...
정식기사가 되기 위한 소년들의 고군분투 정통판타지액션!",네이버 웹툰
42,42,정보전사 202,이작가,월,"스토리, 액션","간첩 202호! 작전명 한라혈통!
관종의 임무를 완수하고 자유를 얻어라.",네이버 웹툰
43,43,이중첩자,"피숙혜,하연 / 옆집찰스",월,"스토리, 드라마","전쟁으로 모든 걸 잃은 후 첩자가 된 사샤,
전쟁의 일등공신, 천사의 얼굴을 한 악마 장교 요한에게 발각되는데…!
적국에 사로잡힌 첩자, 이중첩자가 되다!",네이버 웹툰
44,44,이탄국의 자청비,"김보람, 고을원 / 나넷",월,"스토리, 로맨스","시공 초월 판타지 로맨스! 
태권 소녀 자청비, 물푸레 향이 가득한 이세계 황궁에 떨어지다! 아는 사람 하나 없는 낯선 나라. 왕싸가지 꽃미남 황태자, 생명의 은인인 비운의 왕자, 놀기 좋아하는 말괄량이 공주 사이에서, 자청비는 집으로 돌아갈 수 있을까?",네이버 웹툰
45,45,중독연구소,김택기,월,"옴니버스, 드라마","중독 가정에서 자라온 소년, ‘김태림’은 중독 전문병원에 입사를 하게 되면서 자신의 문제를 바라보게 된다.
우리 모두의 중독 이야기, 당신은 무엇에 중독이 되어있나요?",네이버 웹툰
46,46,뱀파이어의 꽃,카나리아 / 동물,월,"스토리, 로맨스","500년 만에 인간 세상에 나타난 뱀파이어, 루베르이와 인간 계약자 서영의
'뱀파이어 꽃'을 찾는 숨 막히는 모험과 사랑을 그린 뱀파이어 로맨스.
※본 작품은 시리즈 오리지널 작품으로 네이버웹툰에서 듀얼연재됩니다.※",네이버 웹툰
47,47,와이키키 뱀파이어,요니요니,월,"스토리, 드라마","고졸 검정고시를 준비 중인 야식 배달원 뱀파이어 김군. 
어느 날 그는 잘못된 주소로 배달을 갔다가 
그곳에서 뱀파이어로 추정되는 한 여자와 마주치게 되는데…",네이버 웹툰
48,48,백호랑,박혬,월,"스토리, 판타지","모든 것이 완벽해 보이는 지룡은 비밀스런 동거 중!
사촌동생이자 고양이이자 수호자인 소년은 바로 서쪽의 신수 백호였다!
과거의 죄를 씻기 위해 인간계에서 하늘의 심부름을 수행인 백호랑과 
그에게 엮인 지룡의 스펙타클한 일상",네이버 웹툰
49,49,오로지 오로라,홍달,월,"스토리, 판타지","마법 소녀가 불법인 세상, 이 세계의 마법 소녀는 사랑받는 존재가 아니다. 
한창 잘 나가던 아이돌 '오로라'의 인생에 불순물처럼 끼어든 마법 소녀의 삶. 그리고 그 앞에 나타난 기이한 마법사 소년 심청, 
과연 오로라는 마법 소녀를 무사히 마치고 자신의 황금빛 인생을 이어나갈 수 있을까?
2019년 네이버웹툰 최강자전 3위 수상작!",네이버 웹툰
50,50,드로잉 레시피,꼬모소이,월,"스토리, 감성",어머니가 돌아가신후 어머니가 주인이었던 석촌 미선빌라 201호로 이사 온 은수의  용서와 성장의 힐링여행,네이버 웹툰
51,51,인간의 온도,이재익 / 양세준,월,"스토리, 드라마","형사와 기자 그리고 이상한 소년.
일어나선 안 될 사건들.
진실을 향한 치열한 추적이 시작된다.",네이버 웹툰
52,52,하슬라,까를로스 / 유상진,월,"스토리, 액션","일곱 번 타인의 삶을 구하면 한 번의 살인이 무죄가 되는 도시 하슬라.
처절한 복수를 꿈꾸는 도진. '피의 도시' 하슬라에서 사마리안이 되다.",네이버 웹툰
53,53,트리거,고경빈,월,"스토리, 판타지","지구에 소행성이 떨어진 후, 지구는 인간을 먹이로 하는 괴생명체 '아니스'에 의해 절멸 위기에 처한다.
청소년 모두가 입대해서 아니스에 맞서야 하는 시대. 1년 전 먼저 입대한 소꿉친구 니카와 어렵게 재회한 에반은
니카가 자신을 전혀 기억하지 못하는데다, 더이상 평범한 인간이 아니라는것을 알게 된다.
충격에 빠진 에반에게 정부에서 준 임무는 니카를 죽이라는 것이다. 그것도 매일, 인류를 위해..",네이버 웹툰
54,54,보살님이 캐리해!,성코 / 콩자,월,"스토리, 액션","억겁의 시간을 넘어 환생한 보살들이여 
야차들의 습격에서 평화로운 일상과 법화를 수호하라!",네이버 웹툰
55,55,헬로맨스,이공주 / 하얀독수리,월,"스토리, 로맨스","마계 서열, 중급악마 시트리. 상급 악마가 되고 싶었지만 억울한 누명으로 인간계에 떨어졌다.
인간이 된 시트리는 검찰 수사관이 되었지만 이기적이고, 싸가지도 없고, 개념도 없는 직속 검사 계세아를 만나게 된다.
둘은 첫날부터 원수지간이 되는데…
악마였던 검찰수사관과 악마같은 검사의 범죄스릴 로맨스가 펼쳐진다!",네이버 웹툰
56,56,바른연애 길잡이,남수,화,"스토리, 로맨스","매일 다이어리에 세워 둔 계획을 지키며 바른 생활을 실천하는 정바름.
하지만 동아리 선배에게 느끼는 연애 감정만큼은 계획처럼 진행되지 않는데...
모두의 로망을 충족시켜 줄 설렘 달달 캠퍼스 로맨스!",네이버 웹툰
57,57,여신강림,야옹이,화,"스토리, 로맨스","네웹 대표 글로벌 인기작! 주경, 수호, 서준. 세 청춘의 두근두근 눈호강 로맨스~♡
메이크업으로 여신이 된 주경이는 꿈과 사랑을 이룰 수 있을까?",네이버 웹툰
58,58,엽총소년,김칸비 / 홍필,화,"스토리, 스릴러","약자에서 영웅이 될 수밖에 없었던 소년 '한규환', 
그리고 그 소년을 영웅으로 만들어줄 엽총 한 자루가 눈앞에 있다.
글로벌 누적 조회수 12억 뷰를 기록한 &lt;스위트홈&gt;의 프리퀄 대공개!",네이버 웹툰
59,59,한림체육관,혜성 / 이석재,화,"에피소드, 액션","'세상에서 가장 강한 남자가 되고 싶다.'
그릇된 강함을 실천하던 전영하가 한림체육관에 들어와 진정한 강함을 깨닫고 무도인으로 거듭나는 학원 액션물",네이버 웹툰
60,60,하루만 네가 되고 싶어,삼,화,"스토리, 판타지","'완벽한 인생이었다, 그 애가 나타나기 전까지는'
반전에 반전을 거듭하는 치밀한 궁중 서스펜스
네이버웹툰 최강자전 19년 대표작.",네이버 웹툰
61,61,랜덤채팅의 그녀!,박은혁,화,"스토리, 드라마","랜덤채팅만 하던 준우에게 온 기적!
과연 그녀(들)에게 다가갈수 있을까?!
(읽다 보면 원픽 캐릭터 무조건 생김ㅇㅇ)",네이버 웹툰
62,62,사신소년,류,화,"스토리, 액션","수명을 대가로 죽은 자의 능력을 빌리는 소년! 
화려한 액션에서 부터 스포츠, 두뇌 플레이까지 한계는 없다!",네이버 웹툰
63,63,헬58,장성준,화,"스토리, 액션","약육강식의 섬 헬58에서 벌어지는 권력다툼과 암투, 배신. 
주인공 서민은 이 지옥같은 섬에서 과연 희망을 찾고 탈출할 수 있을까?",네이버 웹툰
64,64,신도림,오세형,화,"스토리, 액션","세상이 무너지고 세워진 지하도시 신도림
그곳에 들어가지 못하고 생존한 소년들이 지하도시의 비밀을 파헤친다",네이버 웹툰
65,65,삼국지톡,무적핑크 / 이리,"화, 금","에피소드, 시대극","""유비, 조조, 손권 등 영웅들이 활약하던 후한, 그 난세에 핸드폰이 있었다면?
메신저로 소통하고, 개인 방송으로 군사를 모집한다! 
이제껏 보지 못한 완전히 새로운 삼국지!""",네이버 웹툰
66,66,호랑이 들어와요,배세혁 / 유은,화,"에피소드, 판타지","숲속의 젊은 부부와 어느 날 그들에게 찾아온
정체불명의 아이들이 만들어가는 즐겁고 신묘한 일상",네이버 웹툰
67,67,달콤살벌한 부부,플라비 / 장그린,화,"스토리, 로맨스","학창 시절 내내 앙숙이었던 남자, 
10년 만에 나타나 거절키 어려운 조건으로 쇼윈도 부부를 제안하다.",네이버 웹툰
68,68,오피스 누나 이야기,김자네 / 와삭바삭,화,"스토리, 로맨스","회사 TF팀에서 만난 성숙하고 매력적인 연상의 여자 안책임님.
현명하고, 배려심 깊고, 그래서 끌리는……하지만, 아이가 있는 여자.",네이버 웹툰
69,69,원주민 공포만화,원주민,화,"스토리, 스릴러","끝까지 방심하지 말 것!
당신의 상상을 뛰어넘는 본격 반전 공포 스릴러가 온다!",네이버 웹툰
70,70,집이 없어,와난,화,"스토리, 드라마","집을 버리고 뛰쳐나간 고해준, 집 없이 텐트 생활하는 문제아 백은영. 
악연으로 만난 두 사람은 버려진 옛날 기숙사에서 함께 살게 되는데.. 
기숙사도 서로도 싫지만 돌아갈 곳이 없는 두 사람의 힘든 성장 이야기",네이버 웹툰
71,71,위아더좀비,이명재,화,"스토리, 드라마","초대형 쇼핑몰 서울타워에 좀비 사태가 발발하고, 정부는 사태 진압을 위해 좀비들을 타워에 두고 봉쇄한다. 
김인종은 미처 구조되지 못해 좀비들이 우글거리는 타워 안에 남겨져 1년을 산다. 
알고 보니 김인종뿐 아니라 꽤 많은 사람들이 몰래몰래 숨어 살고 있는 듯하다. 
인간과 좀비가 공존하는 이 미스터리한 타워 안에서 무슨 일이 일어나고 있을까?
2020 지상최대공모전 대상 수상 작품!",네이버 웹툰
72,72,윌유메리미,마인드C,"화, 토","에피소드, 일상","외모는 상남자, 마음은 감성소녀 윌.외모는 청순녀, 마음은 터프가이 메리! 
서울 부산 띠동갑 커플의 리얼 연애 일기",네이버 웹툰
73,73,하우스키퍼,채용택 / 유현,화,"스토리, 판타지","'A.I가 인간에게 반역하는 것은 인간을 위해서이다.'
A.I 혁명이 일어난 세계에서 사상 최악의 바이러스가 창궐하고 하스티의 주인 네빌은 좀비화가 된다.
세계연합정부는 환자들의 치료를 포기하고 감염확산을 막기 위해 좀비 학살 정책을 벌인다.
인간이 인간을 포기한 최악의 상황에서도 하스티는 주인인 네빌을 포기할 수 없었다.
좀비가 된 주인을 지키기 위한 A.I들의 처절한 사투가 시작된다.",네이버 웹툰
74,74,몬스터,이은재,화,"스토리, 액션","특수기관 '몬스터'에서 아르바이트를 하며 생계를 이어나가고 있는 고등학생 유진. 
#초능력 보유 #코드네임은 요원D #미션은 데빌 신속제압!
유진은 의외로(?) 간단한 자신의 임무를 수행하면서 무난하게 고등학생의 생활을 이어가지만, 어느 날 왕따를 당하는 친구를 도와줬다는 이유로 본인도 같이 왕따를 당하게 된다.
평범한 생활에 균열이 생기기 시작하면서 점점 감당하기 힘든 시련이 찾아오게 되고 급기야 지구는 최악의 위기에 처하게 되는데..과연 유진은 이 모든 사건을 해결하고 지구를 구할 수 있을까?",네이버 웹툰
75,75,견우와 선녀,안수민,화,"스토리, 드라마","죽음이 가까워진 사람들은 '거꾸로' 걸어들어 온다
그리고 그게 하필 내 이상형이라니!?",네이버 웹툰
76,76,급식러너,슬랭킷,화,"스토리, 판타지","게임이 현실이 되어버린 세상.
학생들은 점심시간마다 급식실로 질주하는 러닝액션 게임 ‘급식러너’에 열광해있다.
하지만 게임셔틀인 민호에겐 매일의 점심시간이 지옥인데...

그때 민호 앞에 나타난 급식러너의 서버운영자 새나의 제안!
“퀘스트를 클리어하면 게임셔틀에서 해방시켜줄게.”
자유를 위한 민호의 치열한 질주가 시작된다!!!
2020 지상최대공모전 대상 수상 작품!",네이버 웹툰
77,77,용왕님의 셰프가 되었습니다,"문백경,옥 / 카라쿨",화,"스토리, 판타지","인당수에 몸을 던진 심청! 귀차니즘 드래곤의 던전에서 깨어나다?
사연 많은 귀염뽀짝 몬스터와 맛있는 공생라이프!",네이버 웹툰
78,78,그녀석 정복기,강은영,화,"스토리, 로맨스","모든 걸 공유하는 소꿉친구, 신나와 라운. 어느 날 신나는 라운이의 이중적인 모습을 발견하게 되는데, 순둥이 같던 라운이가 사이코로 돌변한 것! 신나에게만 가면이 벗겨진 라운과, 비밀을 공유하게 된 신나. 만만하기만 했던 라운이 이제는 낯선 남자가 되어 다가온다.",네이버 웹툰
79,79,대신 심부름을 해다오,고아라,화,"스토리, 드라마","요괴가 나타나는 마을에 사는 은호는 갓 스무살이 되었다. 
은호는 요괴 전리품을 모으는 가게에 취직하고, 
정 많은 주민들, 고등학교 친구 일지와 함께 마을에 정착해간다.
한편, 마을에는 수상한 도깨비가 서성거리고, 모른 채 살아온 비밀들이 점점 드러나는데..
어제보다 오늘 더 가까워질 인연들에 대한 이야기.",네이버 웹툰
80,80,"플레이, 플리",이에프,화,"스토리, 로맨스","내 비밀을 유일하게 아는 아이돌이 같은 과 동기? 
아이돌로부터 도착한 수상한 디엠! 
우리가 같은 과 동기라는 사실을 너는 알까?",네이버 웹툰
81,81,아이즈,정썸머,화,"스토리, 액션","한 쪽 눈이 없는 고등학생 '서주안'은 매일 학교에서 섬뜩한 시선을 느낀다.
두려움에 떨면서도 시선의 정체를 궁금해하던 중, '조류인간'의 존재를 알게되어 혼란에 빠지고...
서늘한 긴장감이 감도는 가운데, 조류인간들의 전쟁이 시작된다!",네이버 웹툰
82,82,빌런투킬,퓨핀 / 은지,화,"스토리, 판타지","동료를 살해했다는 억울한 누명을 쓰고 사망한 카시안. 모든 게 끝이라고 생각한 순간. 그의 영혼은 어느 소년의 몸에 빙의되어 빌런으로 각성한다.
선망의 대상이자 대중의 지지를 받던 탑클래스 싸이커였던 그가 하루아침에 빌런이 되다니! 그는 자신의 운명을 받아들이기 힘들다.
복수와 분노! 거듭되는 파괴적인 충동으로 이성까지 잠식당할 위기에 처하지만, 신비로운 존재 모로스의 도움과 초인적인 자제력으로 이를 극복해 낸다.
“대재앙급이라고?! 어디.. 화끈하게 터트려 볼까!!”",네이버 웹툰
83,83,악인,광탄토 / 마두르,화,"스토리, 스릴러","타인의 생각을 눈으로 볼 수 있는 주인공 봉강.

자신의 능력을 이용해서 소소한 일상을 보내던 중, 
과내 최고 인기남 조훈 선배의 속마음을 보게 된다. 

하지만 그가 마주한 진실은... 
온갖 '살의'로 가득찬 살인자 훈의 또 다른 모습이었다.",네이버 웹툰
84,84,성인초딩,미티,화,"스토리, 드라마","32살 내 몸에 9살 나의 영혼이 들어왔다!
대신 32살의 나는 게임기 안에 갇혀버렸네?!",네이버 웹툰
85,85,나타나주세요!,김기현,화,"스토리, 로맨스","평소보다 특별했던 어느 날, 평범한 대학생 김지용의 꿈속에 정지혜가 나타나기 시작했다.
정지혜에게 첫눈에 반한 김지용은 그녀를 찾아다니기 위해 노력하지만 알고 보니 그녀는.. 2년 전에 자살한 사람이었다?!
그녀를 살리기 위해 고군분투하는 김지용의 달콤살벌 로맨스. 나타나주세요, 내 눈앞에!",네이버 웹툰
86,86,빅맨,하하영,화,"스토리, 스포츠","키가 크다는 건 엄청난 축복이라고?
208cm인 나한테는 그저 저주일 뿐이다!
빅맨 나은덕의 청춘 성장 학원물!!",네이버 웹툰
87,87,3cm 헌터,돌연변이,화,"스토리, 판타지","세상 사람들의 몸이 3cm로 줄어들었다. 
이제는 고양이, 개미, 청소기 등 일상의 모든 것이 위협인 상황. 믿을 것은 각자에게 주어진 이능력 하나뿐이다.",네이버 웹툰
88,88,은주의 방 2~3부,노란구미,화,"스토리, 드라마","인테리어에서 연애까지,
은주의 라이프 체인지 스토리",네이버 웹툰
89,89,제로게임,즐바센,화,"스토리, 판타지","인생 재건설 서바이벌
2015 대학만화 최강자전 수상작!",네이버 웹툰
90,90,아이레,설이 / Team 설이,화,"스토리, 판타지","사라진 여왕의 힘을 찾기 위한 여정.
그들의 위대한 모험이 시작된다.",네이버 웹툰
91,91,올가미,해무리,화,"스토리, 드라마","""일주일에 단 한 번, 내가 지시하는 곳으로 데려오기만 하면 돼요.""
정체불명의 힘을 지닌 윤수와 그의 올가미에 단단히 옭아매어진 채아. 과연 그녀는 그의 덫에서 빠져나올 수 있을까.",네이버 웹툰
92,92,하나in세인,석한,화,"스토리, 스릴러","교내 소문난 또라이 '세인'에게 단 하나뿐인 절친 '하나'.
세인은 둘의 관계가 영원하길 바랐지만, 왜 인지 하나는 점차 멀어져 간다.
그 무렵 나타난 전학생 '진사배'.
천재 아티스트인 사배는 전학 첫날부터 하나를 멋지게 그려내, 하나의 관심을 독차지한다.
질투를 느낀 세인은 사배의 스케치북을 찢으려다 충격적인 그림을 발견하게 되는데..",네이버 웹툰
93,93,별종,이무기,화,"스토리, 드라마","이방인이 지구에 방문했다.
불행은 그 때부터 시작되었다.
예측불허 전개의 SF 스릴러.",네이버 웹툰
94,94,숲속의 담,다홍,화,"스토리, 감성","어느 순간부터 성장이 멈춘 '담'은
사람들을 피해 숲속으로 떠난다.",네이버 웹툰
95,95,연우의 순정,이솔,화,"스토리, 감성","여학생으로 오해받을 정도로 여리여리한 외모를 가진 연우. 
그는 교내 인기스타인 강해솔을 몰래 좋아하고 있다.
하지만 낯을 굉장히 많이 가리고 소심한 연우는 같은 반인 해솔이에게 말 한 번 붙여본 적 없는데…",네이버 웹툰
96,96,찐:종합게임동아리,소장,화,"스토리, 드라마","트라우마로 인해 일부러 게임을 피하며 살아온 '김 진'.
진이는 신입생 환영회에서 만난 '정진아'의 제안으로 우연히 동아리에 들어가게 되는데...
알고 보니 동아리의 정체는 전력을 다해 게임을 즐기는 종합게임동아리였다!
게임에 항상 진심인 승부욕 강한 여섯 청춘들의 즐거운 동아리 활동!!",네이버 웹툰
97,97,오파츠,성진 / 부겸,화,"스토리, 판타지","이 세상에 존재할 수 없는 물건인 ‘오파츠’를 소유한 이들. 
그들이 살아가는 세상인 경계의 밖(Out), 그곳에서 일어난 수많은 특별한 이야기.",네이버 웹툰
98,98,열녀박씨 계약결혼뎐,"김너울, 안젤리크 / 닷다",화,"스토리, 로맨스","혼례 첫날밤, 갑작스럽게 서방을 잃은 열녀 박연우. 
엎친 데 덮친 격으로 괴한에게 납치당해 우물에 던져졌지만, 눈을 뜬 곳은 21세기 대한민국…?! 
설상가상 연우를 구해준 서방님 판박이는 가짜 혼인을 하자고 한다! 
당찬 열녀 박씨 연우와 독신주의자 강태하의 동상이몽 계약 결혼.",네이버 웹툰
99,99,빛빛빛,수진,화,"스토리, 로맨스","우리가 다시 만난다면, 나는 다른 선택을 할 수 있을까
엇갈린 첫사랑과의 재회",네이버 웹툰
100,100,태시트,김다찌,화,"스토리, 액션","좀비 바이러스를 내뿜는 오염물질로 무너진 세상. 그곳에 적응한 사람들. 
높은 자원과 뛰어난 박사 ‘사이먼’을 겸했던 마을 ‘아미나’.
하지만  ‘사이먼’이 실종되고 ‘아미나’ 사람들은 절망에 빠진다.
그런 ‘아미나’에서 태어나고 자란 ‘루비’.
그녀로 인해 묻혀있던 사건들이 서서히 모습을 드러내기 시작하는데...",네이버 웹툰
101,101,조선홍보대행사 조대박,김양수,화,"스토리, 개그","냉혈한 광고홍보의 귀재
조선 시장에서도 성공할 수 있을까?",네이버 웹툰
102,102,자판귀,윤정민,화,"에피소드, 스릴러","자판기에서 내가 원하는 것이 나온다!?
데뷔를 꿈꾸는 연습생 박도영. 대표의 비리로 데뷔가 무산되자, 만취한 상태로 골목길을 헤매다 수상한 자판기를 보게 되는데...",네이버 웹툰
103,103,언메이크,박화랑,화,"스토리, 판타지","멀지 않은 미래, 미세먼지 폭풍으로 인류는 맑은 공기를 잃었다.
목에 이식하는 기생 필터의 개발로 위기를 극복했다고 생각했지만,
기생 필터가 변이를 일으키며 세상은 다시 한번 위기에 빠지는데...",네이버 웹툰
104,104,안식의 밤,연제원,화,"스토리, 스릴러","노인들을 대상으로 한 연쇄 살인 사건의 전말
'나는 할머니를 죽이지 않았어요!!'",네이버 웹툰
105,105,완벽한 가족,냥빠 / 주은,화,"스토리, 스릴러","누가 봐도 행복하고 완벽한 선희네 가족.
어느 날, 선희는 친구 경호를 죽였다는 고백을 하지만
엄마의 반응이 뭔가 이상하다.",네이버 웹툰
106,106,필살VS로맨스,구르,화,"스토리, 개그","무협 만화 같은 여자 ‘유비’. 순정 만화 같은 남자 ‘신우’.
자신의 장르대로 살아가던 두 사람의 순탄치 않은 썸타기!
만화의 정석대로 해피엔딩을 이룰 수 있을까?!",네이버 웹툰
107,107,나의 플랏메이트,산삼,화,"스토리, 드라마","해리포터 덕질만이 인생의 큰 기쁨인 피폐한 공시생 건이에게 찾아온 엄청난 행운!
럭셔리 퍼스트클래스를 타고 떠난 런던에서 마음껏 덕질해보려고 했는데...
그녀에게 찾아온 힘든 시련과 멋지고 잘생긴 룸메이트들?
과연 건이는 시련극복과 런던생활을 잘할수 있을것인가!",네이버 웹툰
108,108,도를 아십니까,이건 / 요엘,화,"스토리, 판타지","전래동화가 이렇게 꼬인다고? 제대로 약빤(?) 동화가 시작된다!
전우치의 장손, 전우진의 신입 도사 도전기",네이버 웹툰
109,109,중증외상센터 : 골든 아워,한산이가 / 홍비치라,화,"스토리, 드라마","살 수 있는 환자들이 죽어 가고 있다. 이제 더는 그런 일이 없도록 하겠다.
사명감 있는 또라이. 중증외상센터의 난폭한 천사. 
외상외과 전문의 백강혁, 그의 중증외상센터 되살리기 프로젝트.",네이버 웹툰
110,110,풋내기들,신여름,화,"스토리, 로맨스","스무 살의 봄, 새봄은 두근거리는 마음으로 대학교 인근의 셰어하우스에 입성한다. 
그곳에서 외모와 성격이 전혀 다른 룸메이트 희주 그리고 최애 라욱과 똑같이 생긴 이상형까지 만난다. 
풋풋하지만 많은 것이 서툴렀던 스무 살, 우리들의 이야기!   
첫사랑의 설렘을 가득 담은 셰어하우스로 놀러 오실래요?",네이버 웹툰
111,111,피로만땅,샤니,화,"에피소드, 개그","&lt;203호 저승사자&gt; 샤니 작가 신작. 취준생 유림은 밤 9시에 면접을 보러오라는 연락을 받고 찾아갔다가 우여곡절 끝에 합격한다.
그녀가 맡은 일은 보디가드. 하지만 그녀가 지켜야 하는 건 언제 자신을 흡혈할지 모르는 위험한 뱀파이어?!
뱀파이어 헌터들에게서 뱀파이어를 보호하면서 벌어지는, 누가 누구를 지키는지 모를 아찔한 개그 웹툰.
과연 유림은 뱀파이어를 지켜낼 수 있을까!",네이버 웹툰
112,112,인문학적 감수성,교날 / 번암,화,"스토리, 드라마","타투이스트 감수성에게는 남들과 다른 비밀이 하나 있다.
바로 살아움직이는 그림을 그린다는 것!

이런 이상한 능력 덕분에 깡패처럼 보이는(?) 손님에게
새겨주었던 용 문신이 탈주를 하게 되고, 
극대노한 상태로 찾아온 그녀와 모종의 사건으로 엮이면서
거절하지 못할 제안을 받는데...",네이버 웹툰
113,113,고수,류기운 / 문정후,수,"스토리, 판타지","&lt;용비불패&gt; 최강의 콤비가 무협의 전설을 다시 쓰다! 
천하제일의 고수 강룡. 그리고 수많은 다른 고수들의 이야기.",네이버 웹툰
114,114,전지적 독자 시점,UMI / 슬리피-C,수,"스토리, 판타지","'이건 내가 아는 그 전개다'
한순간에 세계가 멸망하고, 새로운 세상이 펼쳐졌다.
오직 나만이 완주했던 소설 세계에서 평범했던 독자의 새로운 삶이 시작된다.",네이버 웹툰
115,115,복학왕,기안84,수,"스토리, 드라마","패션왕 우기명이 돌아왔다!
즐거운 대학 생활?! 과연?!",네이버 웹툰
116,116,급식아빠,김재한,수,"스토리, 액션","&lt;부활남&gt; 김재한 작가의 신작! 딸바보 웹툰작가의 갑작스러운 죽음.
학원액션 만화를 그리던 능력(?)을 살려 일진 서클 12간지로부터 딸 다연이를 지켜라!
딸이 괴롭힘당하는 모습을 보게 된다면? ...이건 못 참지. 내 딸 건드는 새끼들 다 조져버림.",네이버 웹툰
117,117,모죠의 일지,모죠,"수, 토","에피소드, 개그","소신있는 취향과 내성적인 성향.
훌륭한 집순이 모죠의 은밀한 비밀들",네이버 웹툰
118,118,튜토리얼 탑의 고인물,방구석김씨 / 루비,수,"스토리, 액션",저주로 인해 튜토리얼 탑에 갇힌 헌터. 레벨업을 하며 넘사벽 능력을 갖게 된 그가 12년 만에 탑 밖의 세상에 나간다!,네이버 웹툰
119,119,격기3반,이학,수,"스토리, 스포츠","한국이 세계 격투기의 중심이 된 세상. 전국 탑 클래스 격투기 학생들만 모인 남일고에 약골 소년 주지태가 돌연 투입된다.
신체적 약점이 상쇄되는 무술 ‘주짓수’를 통해, 주지태는 격기반의 정점에 오를 수 있을 것인가…?",네이버 웹툰
120,120,캐슬,정연,수,"스토리, 드라마","복수를 위해 칼을 갈아온 특급 킬러 '김신',
뒷세계 '절대권력'과의 목숨 건 한판 승부!",네이버 웹툰
121,121,노곤하개,홍끼,"수, 토","에피소드, 일상","귀여운 멍멍이들과 함께하는
노곤하지 않은 일상 이야기",네이버 웹툰
122,122,세상은 돈과 권력,한동우 / 이도희,수,"에피소드, 드라마","재벌 3세가 일반 고등학교에 들어오면서, 선생들과 학생들은 거대 자본에 굴복해 권력을 차지하기 위한 '두뇌싸움'이 난무하는 학교로 바뀐다. 이 학교의 법칙을 부수기 위해 천재 '단건우'가 전학온다.",네이버 웹툰
123,123,하렘의 남자들,"알파타르트,히어리 / 영빈",수,"스토리, 로맨스","""내 후궁들부터 들이기로 하였다. 한 다섯 정도.""
타리움 제국의 황녀, 라틸. 그녀의 첫사랑 하이신스는 황제가 되기 위해 본국 권력자의 딸과 결혼한다.
충격 받는 라틸. 하지만 그 충격이 가시기도 전에 황태녀가 되고,이복남매의 반란 세력에 맞서 황위를 지켜낸다.
그렇게 여황제가 된 라틸에게 대신들은 국서를 맞을 것을 제안하는데, 뭔가, 심기에 거슬린다.
'왜 여황제는 후궁을 못 들인다는 거지?'
""저도 최소 다섯 명은 후궁으로 두어야겠습니다. 제가 좋다면 하렘으로 들여보내세요,
보고 마음에 드는 사람을 국서로 삼을 것입니다."" 
전무후무한 여황제의 하렘으로, 치명적인 매력의 남자들이 모여든다!",네이버 웹툰
124,124,화산귀환,비가 / LICO,수,"스토리, 시대극","대 화산파 13대 제자.천하삼대검수 매화검존 청명. 
천하를 혼란에 빠뜨린 고금제일마 천마의 목을 치고 십만대산의 정상에서 영면.
백 년의 시간을 뛰어넘어 아이의 몸으로 다시 살아나다.
......뭐? 화산이 망해? 이게 뭔 개소리야!?",네이버 웹툰
125,125,여주실격!,기맹기,수,"스토리, 드라마","'약'한 여배우 천리사
더이상 배우같은건 하고 싶지 않다던
그녀의 복귀 스토리!",네이버 웹툰
126,126,남주의 첫날밤을 가져버렸다,"황도톨,티바 / MSG",수,"스토리, 로맨스","소설 속 엑스트라인 백작 영애 리플리로 빙의 된 여주인공.
이왕 이렇게 된 거 전생에 경험하지 못한 귀족의 화려하고 풍족한 삶을 만끽하기로 한다.
파티장 구석에서 혼자 술을 즐긴 것까진 기억나는데… 
다음날 깨어보니 남주의 침대에 누워있는 것 아닌가!",네이버 웹툰
127,127,일렉시드,손제호 / 제나,수,"스토리, 액션","&lt;노블레스&gt; 손제호 작가와 &lt;소녀더와일즈&gt; 제나 작가가 만났다!
고양이 몸에 깃든 각성자 카이든과 각성능력을 숨겨온 고등학생 지우 
러블리 2인조의 액션 판타지",네이버 웹툰
128,128,연놈,상하,수,"스토리, 드라마","중2 여름, 가지 말라는 말도 좋아했다는 말도 하지 못한 채 보낸 그녀가 3년 만에 나타났다.
지나버린 시간과 마주한 소년 그리고 소녀의 이야기",네이버 웹툰
129,129,원수를 사랑하라,정윤 / 태건,수,"스토리, 로맨스","고생 끝, 인생 리셋!.... 도 못했는데 과거를 들키다?!
늦깎이 대학생 배연희의 고군분투 캠퍼스 로맨스!",네이버 웹툰
130,130,헬퍼 2 : 킬베로스,삭,수,"스토리, 액션","역시는 역시 역시군.
킬베로스 트라이브의 대장 장광남이 펼치는 스트릿 액션 만화.",네이버 웹툰
131,131,나쁜사람,둠스,수,"에피소드, 개그","착한 남자가 좋다는 그녀의 이상형이 되기 위해 10년 동안 노력했다. 
그런데! 갑자기 나쁜 남자가 좋다는 그녀...

오늘부터 난... 나쁜 남자로 다시 태어난다.",네이버 웹툰
132,132,닥터앤닥터 육아일기,닥터베르,"수, 일","에피소드, 일상","산부인과 의사 엄마의 임신과 출산, 공학박사 아빠의 논문 기반 육아.
완벽할 것만 같은 이들의 앞길은 과연 순탄할까?
탄탄대로를 달리던 두 사람의 좌충우돌, 우여곡절 중구난방 육아 이야기!
웃다 울고, 울다가 웃게 되는 최고의 항문용 발모제툰!",네이버 웹툰
133,133,고삼무쌍,B급달궁 / 하마,수,"스토리, 액션","천년간 사라진 무림이 현대 고등학교를 배경으로  되살아난다!
무림인들의 고교습격! 
장르파괴 무협학원액션",네이버 웹툰
134,134,엔딩 후 서브남을 주웠다,"황도톨,정서 / 정서",수,"스토리, 로맨스","빙의한 소설 속 나의 최애캐는 서브남이었다.
여주에게 버림받아 흑화한 츤데레는 어마무시한 까칠남이 되어 있었다는 것! 
나, 무사히 서브남을 주울 수 있을까?",네이버 웹툰
135,135,빌드업,911,수,"스토리, 스포츠","축구덕후지만 볼보이만 5년째?! 
빵셔틀 강마루의 열혈청춘 축구드라마",네이버 웹툰
136,136,판타지 여동생!,유누,수,"스토리, 판타지","게임 초보 여동생의 RPG 도전기.
트롤 취급은 노노! 제가 사실 엄청난 히든 직업을 갖고 있거든요?",네이버 웹툰
137,137,마른 가지에 바람처럼,달새울 / 화음,수,"스토리, 로맨스","남편을 잃고, 아이를 빼앗기고, 이제 생매장을 눈 앞에 둔 과부 리에타. 
그 곳에 ‘미친 폐황자’로 불리는 저주받은 땅, 악시아스 성의 대공. 킬리언이 나타났다.
그녀를 데려가겠다고 말하는 킬리언이 인사를 건넨다. “안녕, 요부”",네이버 웹툰
138,138,귀곡의 문,삼촌,수,"스토리, 드라마","귀신소굴로 유명한 삼도천동의 흉가,
평범한(?) 세입자들의 일상 개그",네이버 웹툰
139,139,마녀와 용의 신혼일기,"바리달, 뉴릉이 / 디망",수,"스토리, 로맨스","한 번의 실수로 인생을 꿰인 천재 마녀의 달콤살벌 신혼생활!
신입과의 하룻밤으로 모든 지위와 명성에 먹칠 당하게 된 천재 마법사 웬디. 
그런데 뭐..? 비밀을 지켜줄 테니 결혼해달라고...?!",네이버 웹툰
140,140,각자의 디데이,오묘,수,"스토리, 로맨스","헤어졌지만 헤어지지 않은 사이
솔직하지 못한 우리들 어떻게 될까요?",네이버 웹툰
141,141,언덕 위의 제임스,쿠당탕,수,"에피소드, 개그","제임스들이 펼치는 코믹 막장 에피소드!
지금 전세계의 제임스들이 몰려온다",네이버 웹툰
142,142,사상최강,황규영 / 이단아,수,"스토리, 판타지","‘천하 십대 고수’라고 불리는 자들. 인간의 한계를 뛰어넘은 그들은 서로를 견제하며 힘의 균형과 세상의 질서를 유지해왔다.
바로 ‘백도현’ 그가 나타나기 전까지는! 내공만으로 사상최강의 힘을 가진 남자 백도현의 시원한 한 방!",네이버 웹툰
143,143,방탈출,십박,수,"스토리, 스릴러","갑자기 떨어진 이곳에서 목숨을 건 방탈출이 시작된다.
모든 상황을 의심해라! 아니면 죽음뿐이다...",네이버 웹툰
144,144,아도나이,주동근,수,"스토리, 스릴러","외계인을 믿는 사이비종교 심층 취재기
이 종교, 알면 알수록 위험하다",네이버 웹툰
145,145,새벽 두 시의 신데렐라,산차,수,"스토리, 로맨스","3년이나 사귄 연인인 서주원이 재벌가의 막내아들이란 것을 알게 된 지 두 달. 
하윤서는 주원과 헤어지는 대가로 돈을 받는다. 그리고 실제로 헤어지기 위해 정 떨어지는 행동들을 하지만, 
주원은 아랑곳하지 않고 윤서의 마음을 돌리려 노력하는데….",네이버 웹툰
146,146,로어 올림푸스,레이첼 스마이스,"수, 일","스토리, 로맨스","어디서도 본 적 없는 신화 이야기, 풋내기 여신 페르세포네와 지하세계의 왕 하데스의 현대판 로맨스 판타지!
글로벌 No.1 인기작 'Lore Olympus'를 한국어 버전으로 감상하세요.",네이버 웹툰
147,147,웰컴 온보드,다니,수,"스토리, 로맨스","간절하게 꿈꿔온 승무원 합격! 아란은 비행기에서 기절한 자신을 돌봐줬던 승무원 채현에게 반해 에어윙크에 입사한다.
입사하면 채현 선배와 비행을 해볼 수 있을까? 환상을 가지고 들어왔지만 이 직업은 그렇게 아름답지만은 않다.
신입 승무원 아란, 입사동기 선우, 선배 채현이 함께하는 비행과 사랑 이야기!",네이버 웹툰
148,148,반귀,세정,수,"스토리, 로맨스","평범한 하연과 기묘한 후안의 평범하지 않은 캠퍼스 라이프!
귀신이 보이진 않아도 그들의 기운을 느낄 수 있는 하연은 어느 날 귀신인지 아닌지 헷갈리는 후안을 만나게 된다.
그 이후로, 정체 모를 기괴한 존재들이 자꾸만 하연의 주변을 맴돌게 되는데...&lt;귀각시&gt; 세정 작가의 신작!",네이버 웹툰
149,149,이츠마인,럭스,수,"스토리, 스릴러","""어떻게 해야 널 지킬 수 있을까, 다정아?"" 
10년 뒤 다정이가 죽는다는 메시지를 본 요한, 
과연 그는 그녀를 지켜낼 수 있을 것인가.",네이버 웹툰
150,150,범이올시다!,해,수,"에피소드, 일상","호통 치는 영희 할머니와 무뚝뚝 소녀 방실이 앞에 나타난 
정체불명의 고양...아니 호랑이?",네이버 웹툰
151,151,럭키언럭키,가천가,수,"스토리, 판타지","평범하게 살아왔던 안녹희, 알고보니 행운 초능력자였다?!
어쩌다보니 초능력학교 전교 1등까지 해버리고...
다시 평범해지고픈 안녹희의 고군분투 고교생활",네이버 웹툰
152,152,내 룸메이트는 마네킹,서이,수,"스토리, 로맨스","인간이 되고 싶은 마네킹 '도윤', 
우연한 기회에 인형 공포증에 시달리는 '지호'와 만나 룸메이트가 된다. 
도윤은 인간이 되고 지호는 트라우마를 극복해야만 한다. 
두 남녀의 기묘한 동거는 성.공.적?!",네이버 웹툰
153,153,오징어도 사랑이 되나요?,젤리피쉬 / 문댄스,수,"스토리, 로맨스","오징어와의 정략 결혼은 싫어! 인간 왕자님을 만날거야!
귀엽고 사랑스러운 울릉도의 오징어 공주는 이웃 나라 징징왕자와의 정략 결혼식을 거부하고 진정한 사랑을 찾아  스스로 미끼를 물어 오징어잡이 배를 탄다. 
인간 왕자와의 로맨스를 꿈꾸는 오징어 공주의 앞날은 과연...?
""오징어도 사랑이 되나요?""",네이버 웹툰
154,154,더 트웰브,공현곤,수,"스토리, 스릴러",수천년 전 조상들의 경주로 정해진 12인의 운명. 자리를 지키려는 1등과 바꾸려는 12등의 살벌한 대결!,네이버 웹툰
155,155,얼굴천재,지에이,수,"스토리, 드라마","어느 날 갑자기 게임 캐릭터로 변신하는 능력이 생겼다! 
그 스킬과, 그 모습이 모두 내 것이다.
나는 이제 언제든 ""얼굴천재""가 된다!",네이버 웹툰
156,156,미래의 골동품 가게,구아진,수,"스토리, 스릴러","저주를 풀기 위한 단 한 가지의 방법. 
소중한 것들을 지키기 위한 기묘한 소녀의 퇴마가 시작된다.",네이버 웹툰
157,157,칼부림,고일권,수,"스토리, 시대극","뜻을 품고 한을 품은 팔도의 자제들아 서슬퍼런 칼날 내보이라!
이괄의 난을 배경으로 펼쳐지는 함이의 복수와 성장",네이버 웹툰
158,158,말하는대로,무브,수,"스토리, 드라마","꿈도 목표도 없이 하루하루를 살아가던 평범한 고등학교 3학년생 주현. 
어느 날부터 갑자기 그녀가 말하는 모든 것들이 실제로 이루어지게 된다.
특별한 능력을 가지게 되었지만, 그만큼 말하는 것이 편하지만은 않은데... 
그녀의 평범하고 반복적이던 일상이 조금씩 뒤틀리기 시작한다!",네이버 웹툰
159,159,당신의 향수,호우,수,"옴니버스, 드라마","향기를 타고 잊지 못하는 순간으로 다시 한 번 돌아갈 수 있다면? 
그리운 순간의 향기를 향수로 만드는 조향사 J와 그 향기에 이끌려 찾아오는 손님들의 이야기. 당신의 향수.",네이버 웹툰
160,160,속보입니다,밀카 / Z6,수,"스토리, 로맨스","평범한 대학생 '예슬'은 대한민국에서 모르면 간첩이라는
최연소 메인뉴스 아나운서 '김민준'을 만나기 위해 방송국 카페에서 아르바이트를 시작한다.
그러나 민준은 기대했던 것과는 다르게 너무 차갑기만 하고…
제가 얼마나 오랜 기간 좋아했는데, 왜 이렇게 차갑게 구시는 거예요?",네이버 웹툰
161,161,신선비,이서현,수,"스토리, 로맨스",꽃미남 뱀신랑과 얽혀버린 운명. 로맨스릴러 시즌2 시작!,네이버 웹툰
162,162,뱀은 꽃을 먹는가,소나음,수,"스토리, 로맨스","폭군 황제가 다스리는 황궁.​
천재 악사 하랑은 황제가 끔찍이도 아끼는 꽃, 애화의 전속 악사로 부름 받는다.
그러나 황제는 하랑이 애화의 얼굴을 보는 것조차 용납할 수 없었다.

""이제는 아무 것도 담아서는 안 되는 저 눈을… 뽑아라!""

하랑은 저열한 욕망으로 자신의 눈을 멀게 만든, 황제와 애화에게 복수를 결심하는데…….",네이버 웹툰
163,163,인터셉트,임주이,수,"에피소드, 로맨스","비 오는 날이면 늘 안 좋은 일만 생기던 그녀에게 처음으로 내린 따스한 비.
사랑에 지친 윤서에게 새로운 사랑이 찾아온다!",네이버 웹툰
164,164,스캔들,"달콤J,티바 / 도그",수,"스토리, 로맨스","당대 최고 인기 여배우의 스캔들의 주인공이 내 남편이라면?
남편의 불륜으로 신혼이 파탄난 지우는 기자생활을 접고 미국으로 떠나게 되고, 
전 남편이 거절할 수 없는 제안을 건네온다.",네이버 웹툰
165,165,해귀,알파A,수,"스토리, 판타지","어느 날 갑자기 한마을을 덮친 해귀들. 
해귀에게 엄마를 잃고 살 길을 찾아 마을 밖으로 도망친 주인공 한천은 
엄마가 사실 해귀에게 죽은 것이 아니고 먹이로 납치당했다는 사실을 알게 된다. 
한천은 끌려간 엄마를 구하기 위해 위험한 길을 떠나게 되는데...",네이버 웹툰
166,166,노선도,효기,수,"스토리, 스릴러","암호화폐 투자 실패로 모든 걸 잃은 평범한 40대 회사원 '권한수'.
절망한 그의 앞에 우연히 현금 20억이 든 황금색 캐리어가 나타나지만,
오히려 점점 더 깊은 함정에 빠지고 만다.",네이버 웹툰
167,167,천도,진작,수,"스토리, 판타지","저승 문을 막고 있던 융이 살해 당하고, 
다시 저승 문을 막기 위해 
융을 되살리려는 유장.
망자들을 이용해 저승의 경계를 무너뜨리려는 사흉과 대립한다.",네이버 웹툰
168,168,수상한 비밀상담부,149,수,"에피소드, 스릴러","태희는 같은 반 해원이 자꾸만 자기를 쳐다보는 게 신경 쓰인다.
쳐다보는 이유를 알기 위해 방과후 해원을 쫓아가는데…
골목길에서 해원이 웬 남자애랑 지금 뭐 하는 거지?!
충격과 혼란이 가득한 태희에게 해원이 건넨 말, 
""야, 네 뒤에 귀신 붙었다.""
귀신 찾는 놈, 김찬!
귀신 잡는 놈, 최민우!
귀신 같은 놈, 김해원!
귀신 꼬이는 놈, 한태희!
개성 강한 네 사람의 우당탕탕 오컬트 청춘 성장 드라마!!",네이버 웹툰
169,169,스몰,을승,수,"스토리, 로맨스","네 앞에 서면 왜 난 자꾸...♡
좋아하는 이성과 함께 있으면 
자꾸만 작아지는 것 같은 기분, 한 번쯤 다들 경험해 봤지? 
문제는 정말 몸까지 줄어든다구!",네이버 웹툰
170,170,저승사자 출입금지,심웅섭,수,"스토리, 드라마","죽음 너머를 믿지 않는 간호사 주나비
그리고 그녀가 살린 저승사자 신의
그들의 트라우마 극복기.",네이버 웹툰
171,171,시효완성,"삼바, 미스터리 / 담",수,"스토리, 드라마","과거 우발적으로 살인을 저질렀던 국회의원 원동혁.
2015년 현재 '공소시효 폐지 법안'을 다루던 그는 한 통의 메시지를 받는다.
""나는 네가 15년 전 한 일을 알고 있다.""",네이버 웹툰
172,172,기억흔적,브라보 장,수,"스토리, 스릴러","사랑하는 가족을 잃은 남자.
가족을 살리기 위한 처절한 시간 여행이 시작된다.",네이버 웹툰
173,173,독립일기,자까,"목, 일","에피소드, 일상","처음으로 나만의 집이 생긴다면? 
자까 작가의 나혼자 사는 이야기",네이버 웹툰
174,174,연애혁명,232,목,"스토리, 드라마","평범하면서 금사빠인 고등학생 순정남 공주영은 
까칠하고 차가운 여학생 왕자림을 보고 사랑에 빠져버린다.
너무 다른 둘, 괜찮을까?",네이버 웹툰
175,175,더 복서,정지훈,목,"스토리, 액션","재능있는 복서를 찾던 전설적인 트레이너 K는 기묘한 소년을 발견한다.
그의 충격적인 재능은 과연 축복일까, 저주일까?!",네이버 웹툰
176,176,기기괴괴,오성대,목,"옴니버스, 스릴러","&lt;절벽귀&gt; 오성대 작가의 신작 옴니버스 미스테리 스릴러.

기묘하고 괴상한 이야기들.",네이버 웹툰
177,177,이두나!,민송아,목,"스토리, 로맨스","(구)아이돌, 첫사랑, 소개팅녀까지 한 집에 모였다! 
&lt;나노리스트&gt; 민송아 작가의 두근두근 누나 리스트!",네이버 웹툰
178,178,나노마신,현절무 / 금강불괴,목,"스토리, 판타지","갖은 멸시와 목숨의 위협을 받던 마교의 사생아 천여운, 
미래에서 나타난 후손이 천여운의 몸에 나노 머신을 주입한 후 그의 인생이 송두리째 바뀐다.
마교를 넘어 무림 최고의 자리에 오르기 위한 천여운의 거침없는 이야기가 시작된다!",네이버 웹툰
179,179,노답소녀,석우,목,"스토리, 로맨스","&lt;하나의 하루&gt; 석우 작가의 신작! 재벌가 손녀인 가빈은 친구 한 명 없는 왕따에 성격까지 노답이다. 
5억원을 대가로 가빈을 비밀리에 경호하기 위해 전학 온 태웅. 
과연 태웅은 정체를 숨긴 채 가빈을 잘 경호할 수 있을까?",네이버 웹툰
180,180,화이트 블러드,임리나,목,"스토리, 판타지","스타일리쉬 뱀파이어 액션!
그리고 처절한 로맨스..",네이버 웹툰
181,181,정글쥬스,형은 / 쥬더,목,"스토리, 액션","의문의 벌레약 ‘정글쥬스’로 인해 곤충인간이 되었다.
이를 숨기며 살던 대학생 장수찬은 어느 날 그 모습을
모두에게 보이게 되고, 곤충인간들의 사회로 들어가
약육강식의 논리와 맞서 싸우게 되는데...

각양각색 곤충능력자들의 판타지 액션
슈퍼스트링 유니버스의 새로운 히어로 등장!",네이버 웹툰
182,182,하드캐리,조양,목,"스토리, 드라마","성격은 소심하지만 게임 실력 하나는 천상계 최고인 '도윤'과
공부, 인성, 외모, 게임 실력 어디 하나 부족한 것 없는 '수호'의 
본격 프로게이머 도전기!",네이버 웹툰
183,183,겟백,세윤,목,"에피소드, 드라마","7년 전, 운명이 뒤바뀐 소녀들. 
태어날 때 부터 타고난 능력을 지닌 다정과 
그런 천재가 부러웠던 언니 은정.  
그렇게 하루 하루가 지옥이었다!",네이버 웹툰
184,184,전자오락수호대,가스파드,목,"스토리, 판타지","아무도 모르게 게임을 굴리는 비밀의 일꾼들.
최고 요원 패치의 게임 조난 굴곡사!",네이버 웹툰
185,185,무사만리행,운 / 배민기,목,"스토리, 액션","2세기 후반, 마한 연맹 고리국(古離國)의 무사 나루가 로마제국의 검투 노예로 팔려가 자유를 얻기 위해 처절한 사투를 벌인다.",네이버 웹툰
186,186,당신의 과녁,고태호,목,"스토리, 드라마","모든 것을 잃어버린 17년. 그래도 아직... 살아있다.
나를 살인자라 손가락질한 당신들은... 무죄입니까?",네이버 웹툰
187,187,꽃만 키우는데 너무강함,쿰타타 / 주현후,목,"스토리, 판타지","황재호는 자신의 꿈인 꽃집을 차리기 위해 게임을 시작하게 되는데,
게임 속에서 꽃집을 운영하기 위한 재호의 긴 여정이 시작된다",네이버 웹툰
188,188,신비,반지,목,"스토리, 로맨스","긴 잠에서 깨어난 미지의 생명체 신비와 
그녀를 사랑하게 된 가람의 사랑 이야기 
'나의 뮤즈가 되어 줄래?'",네이버 웹툰
189,189,던전 씹어먹는 아티팩트,"제로워터, 엄키 / 엄키",목,"스토리, 판타지","“내가 이 아티팩트를 만진 순간 너희도 끝장난 거야!” 
억울하게 죽은 던전 탐험가, 재앙급 아티팩트와 함께 사이다 복수극 시작! 


죽음의 문턱을 넘어 두 번째 기회를 거머쥔 스테치 아텔리어. 
그가 ‘메멘토 모템’의 공생자로 기나긴 복수의 여정을 시작한다.",네이버 웹툰
190,190,트롤트랩,유비,목,"스토리, 판타지","트롤을 잡아, 인류를 지켜라!
정체불명 헌터 하태와 알바헌터 지현의 통쾌한 판타지 액션",네이버 웹툰
191,191,쿠베라,카레곰,목,"스토리, 판타지","신의 이름을 가진 소녀와 마법사들이 펼쳐나가는
소속불명 장르 혼합 판타지",네이버 웹툰
192,192,최강전설 강해효,최병열,목,"스토리, 액션","맹수같이 거친 문제아 학생들만 모여있는 최강고등학교!!

그곳에서 변화가 시작되었다.
",네이버 웹툰
193,193,흑막 여주가 날 새엄마로 만들려고 해,목감기 / 하리힌,목,"스토리, 로맨스","친구들과 장난삼아 쓴 '피폐 소설' 속에 시민 1로 빙의했다.
그리고 저세상급 딸바보력을 자랑하는 여주인공의 아버지 헨스톤 공작에게 정체를 들켜버렸다.
문제는......
​
“그럼 내 딸이 피폐 소설에서 어떻게 되는 거지?”
​
""......뭐? 남주가 열 명?""
​
행복하지 못한 딸의 미래를 바꾸기 위해 독립전쟁도 불사하겠다니.
이대로 두었다간 여러 목숨이 위험하다.
​​
""제가 여주님을 지켜드리겠어요!""
​
그렇게 딸바보 공작님과의 동거가 시작됐다.
그런데 쪼그만 여주님이 어쩐지 좀 이상하다.

왜 자꾸 네 아빠랑 날 엮는 건데?",네이버 웹툰
194,194,혼모노트,민수상,목,"스토리, 판타지","평온했던(?) 교실 안에 갑자기 트럭이 날아 오더니, 
순식간에 반 아이들은 이세계로 순간 이동을 한다. 

갑자기 등장한 괴생명체에 친구들은 하나, 둘 목숨을 잃어가고 
이 위기를 구원할 사람은 이 이야기의 창조자 '덕구' 뿐이다.
 
""노트를 찢는 순간, 현실이 된다.""",네이버 웹툰
195,195,선의의 경쟁,송채윤 / 심재영,목,"스토리, 드라마",완벽해보이는 제이와 순박한 전학생 슬기. 단짝이 된 두 여고생은 점차 서로를 향한 광기를 드러내고 전교 1등을 향한 피 튀기는 경쟁이 펼쳐진다.,네이버 웹툰
196,196,"그 개, 만두",호정,목,"스토리, 드라마","'자네 만두는 개도 안 먹을 걸세!'
산골 마을에 파리만 날리는 만둣가게 주인 공 씨.
모두에게 외면받던 그를 위로해준 건 거리에서 만난 떠돌이 강아지였으니,
귀엽고 비범한 강아지 만두와 다정한 공 씨가 들려주는 동화 같은 이야기!",네이버 웹툰
197,197,달의 요람,이정선,목,"스토리, 드라마","낯선 나라 유안에 끌려온 멸망국의 포로, 월영.
황궁에서 만난 건 가국을 멸망시킨 유안의 장군 연오와 대 유안 제국의 황제였다.
궁녀에서 황귀비로, 가장 낮은 곳에서 가장 높은 곳으로
거침없이 오르는 월영의 잔혹한 궁중로맨스가 시작된다.",네이버 웹툰
198,198,만물의 영장,보민,목,"에피소드, 개그","바다에 빠져 실종된 후, 무인도에서 7년 만에 살아 돌아온 우영장의 좌충우돌 문명 적응기!
그의 몸은 단단한 근육질로 변했고 온갖 동물과의 의사소통은 물론, 특별한 능력까지 구사하며 사건사고가 끊이질 않는다.
과연 영장은 밀림보다 무섭다는 도시에서 살아남을 수 있을까?",네이버 웹툰
199,199,마계인섬,초,목,"스토리, 판타지","&lt;용이산다&gt; 초 작가의 새로운 일상판타지! 10년 전, 대한민국 바다에 갑자기 나타난 ‘마왕의 성’.
두려움의 대상이었던 그 곳은 ‘매직랜드’로 불리며 세계적인 테마파크가 된다.
인간들의 우려와는 달리, 그곳을 운영하는 마왕 ‘퀴록’과 마족들은 평화로운 공존을 위해 노력하며 살아가고 있다.
그러던 어느 날 그들의 평화로운 매직랜드에 변화가 찾아오는데…!",네이버 웹툰
200,200,시월드 판타지,진돌 / 히디,목,"스토리, 판타지","첫 눈에 반한 남편이 악마라니....
그리고 시어머니는 마왕?! ㄴ(°0°)ㄱ
용사 조라세, 시댁의 '찐' 마왕과 목숨을 건(?) 대결이 시작된다.",네이버 웹툰
201,201,별을 삼킨 너에게,ARI,목,"스토리, 로맨스","어둠 같은 현실 속에서도 우리가 빛나는 이유는, 
저마다의 별을 품고 있어서가 아닐까?
별처럼 빛나는 우리들의 성장, 그리고 로맨스.
네이버웹툰 최강자전 19년 대표작.",네이버 웹툰
202,202,자취방 신선들,마로 / 강재건,목,"스토리, 드라마","옥황상제를 꿈꾸는 선녀 '묘령'. 인간들이 아파트를 짓느라 산을 밀어버리는 바람에 백수가 되어버린 산신 '한호'. 
그리고 인간이웃인 생계형 바람둥이 '민우'와 사회성 제로 오타쿠 '나라'. 
4인방이 펼치는 본격 판타지 시트콤 드라마!",네이버 웹툰
203,203,어차피 남편은!,찡나,목,"스토리, 로맨스","연애만 했다 하면 남자친구가 사고, 도박, 바람, 잠수 등 온갖 사건을 만들어 패가망신 당하는 '연 홍'.
왜 이런가 관상을 봤더니, 이미 지나간 인연 중에 남편이 있다고?!
전남친을 다시 찾아가야 한다는 건가? 평생 같이할 한 사람을 찾고 싶은 홍이의 남편감 찾기!",네이버 웹툰
204,204,집사레인저,현실안주형,목,"스토리, 액션","거대 괴수 냥이?! 도시 하나 파괴하는건 일도 아닌 고양이들이 세상을 지배한다.
2019 지상최대공모전 2기 대상 수상작!",네이버 웹툰
205,205,그 황제가 시곗바늘을 되돌린 사연,화영 / 용끄,목,"스토리, 로맨스","황후 리지가 숨을 거둔 뒤에야 황제 레온은 자신의 어리석음을 깨닫고 후회했지만 이미 시곗바늘은 지나갔다.
레온의 소원으로 시계탑의 마녀는 레온이 황후 리지를 처음 만나던 날로 시곗바늘을 되돌리고, 과거로 돌아간 레온에게 남은 일은 오직 리지를 행복하게 해주는 일 뿐...
하지만, 되돌린 시곗바늘의 영향력은 생각하는 것 이상으로 컸는데... 과연 레온은 리지를 행복하게 해 줄 수 있을까?",네이버 웹툰
206,206,롤랑롤랑,자유,목,"스토리, 판타지","코기 왕자 롤랑과 마녀 루이사의 모험 이야기.
베일에 숨겨져 있던 대사제의 과거와 교단의 비밀이 드디어 밝혀지는데...",네이버 웹툰
207,207,불편한 관계,잔스,목,"스토리, 로맨스","회사 동료 '정이라'와 '공은도'는 서로의 이별을 위로하며 술자리를 갖고 다음날 아침 함께 눈을 뜬다. 
하루 아침에 동료에서 '불편한 관계'로 전락한 두 사람! 
어젯밤, 우리 사이에 무슨 일이?!",네이버 웹툰
208,208,로그아웃,임목원,목,"옴니버스, 스릴러","인간이 상상하기 힘든 신기술들이 개발되고
욕망을 충족해가는 사람들... 
인류에게 주어진 선물일까, 저주일까",네이버 웹툰
209,209,성스러운 아이돌,스튜디오M / 악사,목,"스토리, 드라마","만인의 사랑을 받는 신의 대리자이자 성스러운 대신관인 렘브러리. 
이세계를 침공한 마왕과 맞서 싸우다 정신을 차려보니, 대한민국 듣보 아이돌의 몸으로 깨어나 버렸다..! 
그는 무사히 아이돌 생활에 적응하고 원래의 세계로 돌아갈수 있을까?",네이버 웹툰
210,210,루커피쳐,효정,목,"스토리, 로맨스","어려서부터 동화 삽화가를 꿈꾸던 지수. 꿈을 이루기 위해 자퇴를 하고 할머니 댁으로 간 지수는 그곳에서 도원을 만나게 된다.
꿈이 없어 고민이던 도원은 꿈을 위해 노력하는 지수에게 관심이 가는데...
""잡으려 할수록 멀게만 느껴지는 꿈, 언젠가는 꿈에 닿을 날이 올까요?""",네이버 웹툰
211,211,겟라이프,MOOHAK,목,"스토리, 판타지","그 것은... 소년들을 빛나게 하기도, 고통스럽게 하기도 하였다.
축복과 혼돈의 힘 '라이프'! 이를 둘러싼 음모와 대전쟁의 시작.",네이버 웹툰
212,212,안개무덤,김태영,목,"스토리, 스릴러","실종된 가족을 수사하려고 하면 할수록, 알 수 없는 초자연 현상에 시달린다.
사건 현장을 뒤덮는 벌레들. 그리고 부적. 이곳은 무덤이다.
지상최대공모전 우수상 수상작! 숨막히는 공포 스릴러가 왔다!",네이버 웹툰
213,213,셈하는 사이,면지,목,"스토리, 로맨스","사람의 마음을 1에서 100까지의 '숫자'로 볼 수 있는 권모란.
괴상한 능력을 없애기 위한 파란만장 고교생활이 시작된다!",네이버 웹툰
214,214,소녀180,나우원 / 델라,목,"스토리, 드라마",'저 남자 아닌데요...' 키 184cm 꽃미모 소녀에게 남자패션모델 제안이 들어왔다. 비밀을 가진 소년소녀들의 생기 넘치는 청춘성장물!,네이버 웹툰
215,215,불릿 6미리,김도근,목,"스토리, 스포츠","축구부 에이스, 좋아하는 선배에게 고백하려 했는데... 에어소프트 게임 마스터가 된다?!",네이버 웹툰
216,216,유리와 유리와 유리,요엔,목,"스토리, 로맨스","금속공예학과 새내기 이유리는 자신의 고백을 거절했던 미술학원 선생님 권유리를 마주친다. 그리고 같은 과의 또다른 동명이인, 무뚝뚝하기로 소문난 차유리 선배는 유독 이유리에게 도움을 주는 일이 많아지는데...
세 명의 유리가 만들어 나가는 삼각관계 캠퍼스 로맨스!",네이버 웹툰
217,217,미드나잇 체이서,석재윤,목,"스토리, 스포츠","고급차에 눈이 멀어 차를 훔친 고은구,
불법도박 레이싱에 강제소환되어 위험천만 활극을 펼친다.",네이버 웹툰
218,218,스테어스,옹구,목,"스토리, 판타지","세상의 끝에는 '월 스테어'가 있고, 그 끝에는 모든 것이 있을 것이다.
한계를 넘어 세상의 끝에서 가장 강한 자로 태어나라!",네이버 웹툰
219,219,카루나,강호진,목,"스토리, 판타지","지옥의 군대와 맞서는 항마승병 카루나.
카루나에 도전하는 소년액션 모험 판타지!",네이버 웹툰
220,220,밤하늘에 구름운,견지 / 그리온,목,"스토리, 로맨스","망겜 &lt;검풍 온라인&gt;의 NPC 초낙운, 
서윤의 평범했던 일상에 등장!?
NPC와의 좌충우돌 로맨스
지상최대공모전 1기 우수상 수상 작품",네이버 웹툰
221,221,바른탕진 프로젝트,점삼,목,"에피소드, 드라마","10년 전 실종된 아버지로부터 현금 10억을 받은 나영. 
출처모를 거금은 굴러들어온 복이라기보단 골칫덩이인데... 
그리고 이 돈을 노리는 바람난 남편과 망할 인간들!!  한 푼도 못줘! 이 돈은 내가 혼자 다 쓴다!
하지만 평생을 일에 바치며 워커홀릭으로 살아온 나영에게 회사 밖의 일은 모든게 어렵기만 하고 
지름신의 화신, 이 시대 최후의 욜로 부하직원 도준희 24세는 나영의 10억 탕진 프로젝트를 돕겠다고 발벗고 나서게 되는데...",네이버 웹툰
222,222,보물과 괴물의 도시,이을,목,"스토리, 판타지","""그 지진사고 날 부터 내 눈에 괴물들이 보여.""
빠르게 변해가는 도시에서, 사라져가던 거리의 유물들이 인간에게 들러붙기 시작했다.",네이버 웹툰
223,223,헬프미,철준,목,"에피소드, 스릴러","심부름 앱을 통한 살인범의 심부름으로 인해 할머니가 살해당했다...
할머니를 살해한 녀석의 행방을 쫓기 위해서는 심부름의 배후를 찾아야한다!",네이버 웹툰
224,224,야만의 시대,신의철 / 장대현,목,"스토리, 액션","SNS에서 나와 똑같이 생긴 사람을 발견했다! 과거도 미래도 없이 막 나가던 내 인생과 달리
부잣집 모범생으로 모든 걸 가진 듯 보이는 그 녀석은 혹시, 보육원에서 자란 내가 존재조차 몰랐던 쌍둥이?!
녀석을 찾아 시작부터 꼬여버린 인생의 실타래를 풀어보려는 찰나, 엄청난 트러블이 생기고 만다.
문명 사회로 포장되어 있지만, 인간 윤리와 도덕의 마지노선을 넘은 야만의 시대에 던져진 청춘들의 이야기",네이버 웹툰
225,225,외모지상주의,박태준,금,"스토리, 드라마","못생기고 뚱뚱하다고 괴롭힘을 당하며  루저 인생만 살아온 내가 잘생겨졌다는 이유로 인싸가 됐다.

어느 날 자고 일어났더니 갑자기 완벽한 외모와 몸을 지닌 사람이 되어 깨어난다면?",네이버 웹툰
226,226,갓 오브 하이스쿨,박용제,금,"스토리, 판타지","전국, 전세계 고등학생 중 가장 쎈 녀석을 뽑는 대회가 열린다.
허구 100% 막장 액션의 끝!! 기대하시라!!!",네이버 웹툰
227,227,데드퀸,김규삼,금,"스토리, 판타지","절망에 빠져 죽음이 임박했을때, 진짜 여왕이 재림한다!
하이브 세계관의 장대한 끝, 데드퀸",네이버 웹툰
228,228,재혼 황후,"알파타르트,히어리 / 숨풀",금,"스토리, 로맨스","동대제국의 완벽한 황후였던 나비에.
​황제인 남편이 정부를 황후로 만들려는 것을 알고 이혼을 택한다. 그리고 결심한다.
이곳에서 황후가 될 수 없다면 다른 곳에서 황후가 되겠다고.
인기 웹소설 &lt;재혼 황후&gt;가 웹툰화되다!",네이버 웹툰
229,229,1초,시니 / 광운,금,"스토리, 드라마","구조율 100%의 전설적인 소방관.  
그의 특별한 능력은 긴장하는 순간, 미래가 보인다는 것! 
촌각을 다투는 진짜 소방관들의 이야기",네이버 웹툰
230,230,개를 낳았다,이선,금,"스토리, 드라마",사랑스러운 너와의 첫 만남부터 이별까지. 서툰 주인과 강아지 명동이가 함께 성장해나가는 이야기.,네이버 웹툰
231,231,성경의 역사,최경민 / 영모,금,"스토리, 드라마","모두에게 사랑 받기에 모두가 증오하는 그녀, ‘성경’.
원치않는 애정과 증오속에 성경의 대학 생활은 꼬여만 간다. 
“사랑해, 성경아.""",네이버 웹툰
232,232,여성전용헬스장 진달래짐,유기,금,"스토리, 드라마","숨쉬기 운동만 해본 직장인의 인생 최초 헬스 PT 도전기!
계나리는 저렴한 가격임에도 꽤나 좋은 옥탑방으로 이사오게 된다.
그러나 알고 보니 그 방은 아래층 여성 전용 헬스장과 비밀 계단으로 이어져 있었다.
헬스장 관장이자 집주인 진달래는 리모델링으로 전세금을 다 써버린 상태.
돌려줄 전세금을 모을 동안 계나리에게 3개월간 무료 PT를 제안하는데..!",네이버 웹툰
233,233,엽사:요괴사냥꾼,삼박,금,"스토리, 액션","전쟁과 요괴가 들끓는 난세의 시대.
부모에게 버림받고, 생계를 위해 약초꾼 일을 하며 살아온 소년 오석.
어느 날 도적의 꾀임에 넘어가 요괴에게 자신의 몸을 뺏길 뻔한다.
순간적인 기지와 요괴사냥꾼인 엽사의 도움으로 살아난 오석.
하지만 그의 몸 속에는 아직 요괴가 숨어있는 상태!
요괴를 꺼내줄 수 있는 사람을 찾아 마을을 떠나게 되는데..",네이버 웹툰
234,234,낙향문사전,바킹독 / 고기산적,금,"스토리, 판타지","온갖 비리가 가득한 과거 시험에 낙방해 좌절한 주인공 손빈. 
자신의 신세를 한탄하는 손빈 앞에 나타난 사자혁은 그에게 자신의 일대기를 기록할 것을 청한다. 
이후 둘은 함께 천하를 주유하게 되는데, 
과연 그의 붓이 써 내려가는 무림 일대기는 어떠한 기록을 남기게 되고, 
무림 세계에 발을 들이게 된 손빈의 운명은 어찌 흘러갈는지……",네이버 웹툰
235,235,더 게이머,성상영 / 상아,금,"스토리, 판타지","이유도 모른 채 현실이 게임처럼 뒤바뀐다면 어떻게 될까?
레벨이 오르고, 스테이터스를 올릴 수 있다면?
게임이 되어 버린 현실 속 모험기!",네이버 웹툰
236,236,세기말 풋사과 보습학원,순끼,금,"스토리, 로맨스","어릴 때 알던 재수없던 놈이 더 재수없는 놈이 되어 돌아왔다! 중3 황미애의 옆 빌라에 어릴 때 잠깐 시골에서 봤던 김철이 이사 와 같은 학교 같은 반이 되고 '철이와 미애'라 놀림 받자 김철은 미애를 불쾌해하며 피한다. 너만 불쾌한 줄 알아? 나쁜 놈! 미애는 속이 상하지만 그럼에도 자꾸 이상한 우연으로 계속 엮이며 트러블이 발생, 결국 둘은 크게 마음이 상하고 서로 더 이상 아는 척 하지 않으려 한다. 맨날 화만내는 김철과, 황미애 인생에 처음 만나는 이상한 친구들까지 엮이게 되며 미애는 사춘기를 정통으로 겪게 되는데.... &lt;치즈인더트랩&gt; 순끼 작가의 신작!",네이버 웹툰
237,237,살人스타그램,령,금,"옴니버스, 스릴러","[SNS 잔혹 스릴러 시즌2]
귀신마피아게임에 초대되었습니다.
플레이어 중에 사람을 죽이는 귀신이 숨어있습니다. 누구일까요? 투표를 시작하겠습니다. 5,4,3,2...1.",네이버 웹툰
238,238,히어로 킬러,꿀벌 / 벌꿀,금,"스토리, 액션","전쟁은 빌런들의 패배로 막을 내렸다.
이제 세상은 부패한 히어로들이 지배하고 있다.
그리고, 그런 히어로들 중 하나가 이화의 언니를 죽였다.
언니를 죽인 게 누구인지는 모르지만 상관없다.
한 놈씩 죽이다 보면 그중에 있을 테니까.
이화는 매일 밤 영웅들을 사냥하는 빌런, 히어로 킬러가 된다. 
​
한 악당의 지독한 액션 활극.
“모조리 죽이고, 빼앗아 주마!”",네이버 웹툰
239,239,그들이 사귀는 세상,율로,금,"스토리, 로맨스","비연애를 선언한 그날, 세울의 인생에 한 번도 없었던 세 명의 남자가 눈 앞에 나타난다. 
꿈에 그리던 이상형, 평생 친구일 줄 알았던 남사친, 그리고 현실적인 조건이 우수한 소개팅남까지 한꺼번에 등장한다. 
세울은 과연 자신의 비연애에 대한 신념을 끝까지 지켜나갈 수 있을까?",네이버 웹툰
240,240,환상의 용,꼬마비,금,"에피소드, 드라마","어느 대학 만화전공 교수로 재직 중인 나에겐 어린 시절 잊을 수 없는 친구가 한 명 있다. 
그의 이름은 바로 용이. 여러면에서 또래와 남달랐던 친구 용이를 기억하면 할수록 그의 존재가 신비롭게 느껴져
나는 용이를 백방으로 찾아보지만 궁금증을 더할 경이로운 이야기만 추가로 전해져 올 뿐이다.",네이버 웹툰
241,241,뫼신 사냥꾼,윤현승 / 방승현,금,"스토리, 판타지","신령과도 같은 짐승 뫼신.
떠돌이 무사 한세희는 그들을 사냥하고, 
그의 앞에 신비한 힘을 가진 소녀가 나타나는데...",네이버 웹툰
242,242,걸어서 30분,이온도,금,"스토리, 로맨스","은하학원 위성은과 지구봉의 귀갓길 로맨스. 
세상 가장 설레는 시간, 걸어서 30분",네이버 웹툰
243,243,스포,이강,금,"스토리, 스릴러","어느 날 정체를 알 수 없는 괴생명체들과 우주선의 습격으로 모든 일상이 붕괴된다!
위기의 순간, 미래를 알려주는 메시지 '스포'가 승호의 머릿속으로 날아오는데...
평범한 고등학생이었던 승호는 가족을 찾기 위해서 괴생명체들이 돌아다니는 위험한 도시로 뛰어든다.
&lt;감염자&gt; 이강 작가의 신작!",네이버 웹툰
244,244,악몽일기,육공,금,"옴니버스, 스릴러","섬뜩한 악몽을 기록해둔 옴니버스식 공포 스릴러!
과연 이것은 악몽일까, 현실일까?

평범했던 주인공들의 삶이 기이한 악몽으로 변해간다.",네이버 웹툰
245,245,복학생 정순이,한짜장,금,"스토리, 드라마","22살 정순이가 춘장 고등학교에 복학을 한다. 
무덤덤한 자연인 순이에게 관심을 보이는 중2병 친구들. 
과연 순이는 고등학교를 무사히 마무리할 수 있을까?",네이버 웹툰
246,246,그 기사가 레이디로 사는 법,성혜림 / Ink.,금,"스토리, 판타지","가장 가까운 친우이자 믿었던 부관의 검이 내 몸을 관통했다.
다시 눈을 떴을 땐 적국의 귀족 레이디가 되어있었다.
낯설고 연약한 타인의 몸과 잃어버린 3년의 세월, 그 사이에 망해버린 나의 조국.
배신의 아픔과 정체성의 혼란으로 정신을 차릴 수가 없었다.
그러나 나는 결국 살아가기로 했다. 루시펠라 아이딘으로써, 검을 든 귀족 레이디로서.",네이버 웹툰
247,247,플레이어,박종석 / 오현준,금,"스토리, 액션",베댓 공약으로 어쩌다 웹툰 속 주인공이 되었다!,네이버 웹툰
248,248,난약,정현주 / 박진환,금,"스토리, 판타지","진짜를 보는 눈, 그 눈에 비친 기이한 세계.
그리고 당신의 기억 속에 있는 그 사람.",네이버 웹툰
249,249,상남자,도가도,금,"스토리, 액션","천상천하유아독존, 최고의 샐러리맨 한유현.
모든 것을 잃고 회귀하여 삶을 재설계한다!",네이버 웹툰
250,250,구남친이 내게 반했다,강하다 / 희똑,금,"스토리, 로맨스","10년을 잊지 못한 첫사랑 구남친과 원수 같은 구남친을 한 오피스에서 만나버렸다.
독자님은 딸기파 초코파?! 팽팽하고 달달한 삼각 로맨스!",네이버 웹툰
251,251,썸내일,봉수,금,"스토리, 드라마","연애 리얼리티 TV쇼 &lt;썸내일&gt;에 출연한 '이보배'와 '오한주'.
두 사람의 러브라인은 연일 화제의 중심이었고, 프로그램 역시 절정의 인기를 끈 채 종영한다.
그러나 보배에게는 사실 진짜 남자 친구가 따로 있었고, 그 사실이 SNS를 통해 퍼져 나간다.",네이버 웹툰
252,252,거래,우남20,금,"스토리, 스릴러","고등학교 동창인 준성, 재효, 민우는 오랜만에 만나 술자리를 가진다.
얼마 후, 술에 취해 영 정신을 못차리는 민우를 재효의 자취방에서 재우다가 
민우의 핸드폰으로 걸려 온 한 통의 전화를 받게된다. 
그 후, 얼떨결에 민우의 납치범 행세를 하게된 재효와 준성!
그들은 과연 무사히 몸값을 받아낼 수 있을까?",네이버 웹툰
253,253,사람의 조각,신의철 / 천범식,금,"스토리, 스릴러","인간으로서의 의식은 돌아왔지만, 이미 육체는 썩어 죽어가는 ‘치유된 좀비’들.
생존한 인간들을 사냥한 후, 온전한 신체를 이식받는 것만이 살아남을 수 있는 유일한 방법이다.
조각난 정신과 조각난 육체, 조각난 인간성…
이미 깨져버린 ‘사람의 조각’들만 남은 치유자들의 처절한 생존기!",네이버 웹툰
254,254,고래별,나윤희,금,"스토리, 로맨스","1926년 일제 식민 지배 하의 조선. 
17세 소녀 수아는 군산 일대 친일파 대지주의 집에서 몸종으로 일하고 있다. 
어느 날 수아는 부상을 입은 채 해변가에 쓰러져 있는 독립운동가 의현을 발견하고, 그를 보호하게 되는데...",네이버 웹툰
255,255,금혼령-조선혼인금지령,천지혜 / 산책,금,"스토리, 로맨스","7년째 이어진 조선혼인금지령?!
왕을 상대로 한 인생 사기극",네이버 웹툰
256,256,가슴털 로망스,갸오오,금,"스토리, 개그","최고의 상남자가 되기 위한 여행을 떠나는 장호풍과 친구들
명언범벅 눈물범벅 의리범벅 개그만화!",네이버 웹툰
257,257,아찔한 전남편,"별규, 기뭉 / 여백",금,"스토리, 로맨스","국민 여배우 하은설.
여배우 전성기 시절 남편과 첫눈에 반해서 결혼했고, 1년 만에 헤어졌다.
대한민국 톱배우였던 하은설의 입지는 바닥까지 추락했다.
하지만 하은설, 악착같이 일어나 재기에 성공했다!

그리고 4년 뒤, …그가 다시 나타났다.

전남편의 유혹에 넘어가지 않기 위한 은설의 힘겨운 사투!
과연 성공할 수 있을까?",네이버 웹툰
258,258,"주님, 악마가 되게 해주세요!",불사 / 용가리,금,"스토리, 개그","생활고의 마녀로 불리는 소녀, 백모란.
사실 그녀의 정체는 벌을 받아 인간으로 태어난 전직 악마다.
몇 번의 생을 되풀이해도 인간으로 태어나는 윤회의 굴레에서 벗어나고자 
이번 생에는 전생들과는 다르게 착하고 인간다운 삶을 살고자 한다.
하지만 본성은 악하고, 세상은 그녀를 착하게 내버려두지 않는다. 
과연 모란은 이번 생에 다시 악마로 돌아갈 수 있을까?",네이버 웹툰
259,259,감자마을,박지독,금,"스토리, 개그","감자 청년이 펼치는 격정막장 작물드라마!
감자마을에 살고 있는 주인공 한감자는 꿈을 이루기 위해 감자마을을 떠난다.
하지만 감자마을 밖은 고난과 역경 그 자체.
마을을 떠나자마자 예상치 못한 살인 사건에 휘말리며 위험에 처하게 된다.
과연 한감자는 무사히 살아남아 다시 감자마을로 돌아갈 수 있을 것인가?",네이버 웹툰
260,260,A.I. 닥터,"한산이가, ZAINO / 쿠큐",금,"스토리, 드라마","태화 그룹이 미래를 걸고 개발한 진단 목적 A.I. 바루다!
내과 레지던트 1년 차 이수혁은 바루다를 견학하던 중 원인 모를 폭발에 휘말려 정신을 잃고 만다.
그리고 다시 정신을 차렸을 때 그는 자신의 머릿속에 존재하는 A.I. 바루다를 마주한다.
이미 절대 떨어질 수 없는 사이가 되어 버린 둘.
딥러닝을 계속해 세계 최고의 진단 인공지능이 되는 것이 목적인 바루다와
어려운 환경에서도 악착같이 출세를 위해 노력해 온 수혁,
그들은 의기투합해 환자를 치료해 나가며 세계 최고의 내과 의사를 목표로 활동을 개시한다.",네이버 웹툰
261,261,닥터 프로스트 시즌 3~4,이종범,금,"스토리, 드라마","세상으로부터의 무력감. 엄습하는 두려움. 또다시 덧씌운 분노.
끝없는 혐오의 고리로 만들어진 지옥도가 펼쳐진 대한민국.
닥터프로스트와 그의 제자 윤성아가 거대한 음모를 막아선다.",네이버 웹툰
262,262,피와 나비,레민,금,"스토리, 판타지","어느 날 나타난 정체불명의 괴물 '벌레'와, 
그에 맞서는 힘을 가진 '나비'의 아이들.",네이버 웹툰
263,263,도롱이,사이사,금,"스토리, 드라마","유일무이 이무기 백정 집에서 태어난 권삼복! 
처음으로 자연산 이무기와 마주하게 된다.",네이버 웹툰
264,264,나쁜 쪽으로,오은 / 이세릴,금,"스토리, 드라마","학급 회비를 훔친 오해를 받는 선에게 
마리는 책임을 묻는 대신 기묘한 제안을 한다. 
그것은 구원의 손길이었을까 
지상최대공모전 장려상 수상작! &lt;나쁜 쪽으로&gt;",네이버 웹툰
265,265,후덜덜덜 남극전자,김민혁,금,"옴니버스, 개그","남극전자 출근 1일차, 신입사원 김정훈! 
이직을 준비중입니다.",네이버 웹툰
266,266,"찬란하지 않아도 괜찮아, 새벽",까마중,금,"에피소드, 드라마","대학 졸업 후 3년, 스물일곱이 된 '찬란'. 문화기자로 활동하며 오랜 연인 '도래'와 연애를 이어나가고 있다.
모든 게 괜찮은 듯 보이지만, 불쑥불쑥 삶을 위협하는 상처의 조각들.
밤이 지나면 아침이 오는 줄 알았는데, 아직은 안개 낀 새벽을 지나야 한다.
여전히 찬란하지 않아도 사랑하고, 살아가는 찬란이의 일상 고백록.",네이버 웹툰
267,267,방과후 선녀,이윤후,금,"스토리, 드라마","""인간의 믿음이 없으면, 우리는 존재할 수 없어.""  
신기를 타고났지만 신내림을 거부하며 살아온 소녀, 신선녀. 
어느 날 그에게 두 신령이 찾아와 무당이 될 것을 요구한다. 
예전과 같은 권능을 다시 되찾게 해준다면 소원을 한 가지 들어주겠다고 제안하는 신들. 
선녀는 평화로운 방과 후를 보낼 수 있을까?",네이버 웹툰
268,268,빨리감기,포르토 / 홍준기,금,"스토리, 스릴러","시간을 빨리감을 수 있는 명지는 하굣길에 시간을 빨리 감았다가 방금 죽어버린 친구를 앞에 둔 채 정신을 차린다. 영문을 몰라 당황하는 그녀의 앞에 누군가 나타나는데...
시간을 조종할 수 있는 또 다른 능력자들의 위협으로부터 명지는 자신과 주변을 지키기 위한 긴박한 싸움을 시작한다.",네이버 웹툰
269,269,도무지 그애는,게코,금,"스토리, 드라마","생계를 위해 아르바이트 전선에 뛰어들었으나 계속 거절만 당한 무지는
지푸라기라도 잡는 심정으로 오! 해피마트 시식 아르바이트를 시작한다.
낯선 환경에 주눅이 들지만, 거칠었던 그 곳의 첫인상이 조금씩 바뀌어 가는데..
세상을 배워가는 수많은 '그 애'들의 이야기",네이버 웹툰
270,270,감히,희나리,금,"스토리, 스릴러","진실을 향한 입과 귀를 틀어막고 짓누르는 그들. 
이제 죽음에서 자유로워진 그녀의 복수가 시작된다.",네이버 웹툰
271,271,트럼프,이채은,금,"스토리, 판타지","사형 위기에 직면한 수배범 아버지와 세상 누구보다 존경하는 단장님 사이,
소년의 갈등이 시작된다. &lt;트럼프&gt; 시즌4!",네이버 웹툰
272,272,구독금지,김이연,금,"스토리, 스릴러","친구들과 만든 미스터리 호러 채널에 범죄자가 접속했다. 채널은 그야말로 대박이 나는데... 물 들어올 때 노 저어 말아?! 숨 막히는 생방송 스릴러!
​",네이버 웹툰
273,273,몽홀,장태산,금,"스토리, 시대극","차갑고 척박한 땅 몽홀
그 곳에서 펼쳐지는 감동의 대서사시",네이버 웹툰
274,274,꽃 피우는 남자,양하,금,"스토리, 로맨스","전남친에 대한 미련을 버리지 못하고 있는 대학생 한소이는 복잡한 마음을 정리하고 학업에 집중하려 한다. 
학교 수업에 쓰기 위해 동네 어르신을 통해 화분을 얻는 소이. 
그런데 사실 그 화분은 어떤 남자의 영혼이 갇혀있는 저주받은 화분이었다.",네이버 웹툰
275,275,버그: 스티그마,해마 / 송지형,금,"스토리, 판타지","3차 세계대전이 일어났다!
최강의 연금술사와 그로 인해 태어난 초능력자들의 액션 판타지!
세상에 생긴 오류 이야기 시즌2, 버그:스티그마",네이버 웹툰
276,276,진짜 정말 맹세코 좋아해,개차반 / 잠괴물,금,"에피소드, 로맨스","내 눈 앞에서 사람을 죽인 정체모를 여자. 
그녀가 오늘부터 나를 &lt;사랑&gt;하겠다는데?! 
약간은 무섭고 약간은 신경쓰이는 정체불명 그녀에게 사랑받는 구주오의 생존 일대기.",네이버 웹툰
277,277,백년게임,하람 / 지야,금,"스토리, 판타지","""당신의 게임은 여기까지군요"" 
백 년마다 열리는 소원 그 이상을 이뤄주는 대회, 최종 우승자는 단 한 명.
소년 한시준, 가족을 구하기 위해 모든 것을 걸고 치열한 전투에 뛰어든다.",네이버 웹툰
278,278,히트포인트,민형 / 여강현,금,"스토리, 판타지","교통사고 이후 심장통을 앓던 소년 ‘하온빛’은 어느 날 찾아온 괴한들에게 죽는 꿈을 꾼다.
꿈이었다는 안도감도 잠시, 방금 전 꿨던 꿈에서와 똑같은 일들이 벌어지고 괴한들을 피해 도망치던 온빛은 깨닫게 된다.
자신의 심장에 모든 것을 파괴하는 죽음의 무기가 들어있음을.",네이버 웹툰
279,279,강림전기 개정기,철무장미 / 장군,금,"에피소드, 액션","얼굴 학력 성품 모든 것이 완벽한 전교 1등 우등생 하린.
그런 그의 옆자리를 차지한 괴상한 전학생이, 오늘부터 하린을 죽이겠다는데?!
무협 소설 &lt;강림전기&gt;에서 튀어나온 악마, 최강림과의 파란만장 학교생활 판타지.",네이버 웹툰
280,280,매지컬 메디컬,지공,금,"스토리, 드라마",날 구하러 온 마법 세계 힐러,네이버 웹툰
281,281,구주의 시간,송극장,금,"스토리, 드라마","동생이 죽었다. 장례식이 끝난 뒤, 동생이 비밀 커뮤니티 어플을 통해 몰래 사람들을 만나고 다닌 기록을 발견한다. 
어플 안의 모두가 용의자다.",네이버 웹툰
282,282,너의 미소가 함정,앵고,금,"스토리, 로맨스","살기 뿜뿜 살벌한 여자 차백합과 빛나는 외모를 가린 남자 안기유!
운명처럼 짝이 된 둘의 난감 빠방 스쿨 라이프!",네이버 웹툰
283,283,호랑이형님,이상규,토,"스토리, 판타지","신비한 힘을 가진 아이를 이용하여 세상을 지배하려는 반인반수 흰눈썹!
 
그리고 얼떨결에 아이의 보호자가 된 괴물호랑이 빠르와 착호갑사 지망생 가우리!
이제 힘을 합쳐 흰눈썹으로부터 아이와 세상을 지켜라!!!",네이버 웹툰
284,284,프리드로우,전선욱,토,"스토리, 드라마","한태성을 중심으로 벌어지는
 
다양한 청춘들의 스펙타클한 학원 시트콤 드라마",네이버 웹툰
285,285,취사병 전설이 되다,제이로빈 / 이진수,토,"스토리, 판타지","대한민국 대표 흙수저, 강성재. 
불안하기만 한 군생활에 한줄기 빛처럼 다가온 전설의 취사병이 될 기회!",네이버 웹툰
286,286,욕망일기,김주인 / 박태준 만화회사,토,"옴니버스, 스릴러","[단편 옴니버스] &lt;외모지상주의&gt; &lt;인생존망&gt; &lt;싸움독학&gt;의 뒤를 이은 박태준 작가가 참여한 신작! 
인간이라면 누구나 가질 법한 욕망, 그리고 그 끝은 과연 행복일까, 파멸일까...
그가 그리는 새로운 세계로 빠져들어가보자",네이버 웹툰
287,287,광장,오세형 / 김균태,토,"스토리, 액션","‘군계일학’ 정점에서 조직을 떠난 기준.

15년만에
홀로 복귀한다.",네이버 웹툰
288,288,초인의 시대,섭이,토,"스토리, 액션","지구에 근원 모를 괴물들이 출현하고
그들을 제압하는 '초인'들 또한 등장한다.
정체불명의 괴물과 초인, 바야흐로 '초인의 시대'가 도래한다!",네이버 웹툰
289,289,힙한남자,혜니,토,"스토리, 로맨스","국내 요가복 회사 2위 ‘립앤힙’의 대표인 성가은,
그토록 찾던 물복반 딱복반 엉덩이를 만나다..?!
&lt;구구까까&gt; 혜니 작가의 신작!",네이버 웹툰
290,290,청춘 블라썸,홍덕 / NEMONE,토,"옴니버스, 로맨스","이제 막 청춘을 시작하고 있는 아이들.
봄으로 가기 위한 그들의 성장통.",네이버 웹툰
291,291,민간인 통제구역,OSIK,토,"스토리, 스릴러","GP 그 이면에 감춰져있던 차마 말하지 못했던 이야기들. 
진실은 감출수록 좋다.",네이버 웹툰
292,292,토끼대왕,김숭늉,토,"스토리, 스릴러","살인마 교생, 왕따를 구원하다.",네이버 웹툰
293,293,좀비 파이트,이저녁,토,"스토리, 액션","이안은 삶이 힘들어질수록 감정을 끄며 버텨낸다.
아버지의 폭력과 빚더미 뿐인 집안... 불행은 계속되었고 그의 신체는 점점 무감각해졌다.
통증까지 무감각해진 이안은 우연히 불법 격투 현장을 지나가다 제안을 받는다.
""경기에 참가하면, 이 바닥에 있는 돈 전부 줄게.""
불법 격투 경기장에서 살아남아야만 하는 그의 생존기가 시작된다!",네이버 웹툰
294,294,아홉수 우리들,수박양,토,"스토리, 로맨스","연애, 직장, 시험 어느 하나 뜻대로 되지 않는 29살 봉우리, 차우리, 김우리. 
제대로 걸렸다! 아.홉.수!
우리들의 팩트폭행 로맨틱 코미디!",네이버 웹툰
295,295,나이트런,김성민,토,"스토리, 판타지","우주력 430년. 성간이동이 가능해져 별과 별을 이동하는 시대
인간은 괴수와 싸우고 있다. 기사와 함께.광활한 우주를 배경으로 판타지 SF가 다가온다.",네이버 웹툰
296,296,스터디그룹,신형욱 / 유승연,토,"스토리, 액션",최악의 깡패소굴 유성공고. 교내 유일 스터디그룹의 피튀기는 생존기,네이버 웹툰
297,297,어글리후드,미애,토,"스토리, 판타지","외계인이 유일신으로 군림한 미친 세상, 
바꾸고싶다면 사탄이 되어라",네이버 웹툰
298,298,나를 바꿔줘,이지호 / 호띠,토,"스토리, 드라마","수상한 생명보험에 드는 조건으로, 하루 아침에 내가 원하는 외모로 살 수 있게 된다면? 
인생을 바꾸기 위해 얼굴을 훔치다!",네이버 웹툰
299,299,지옥급식,둘기마요,토,"에피소드, 액션","힘의 논리로 지배되는 학교, 폭력에 노출된 학생과 방치하는 교사들... 
그곳에 양아치를 싫어하는 전학생이 왔다!
안전한 학교를 만들기 위한 전학생의 구조조정은 과연 성공할 수 있을까?",네이버 웹툰
300,300,갓핑크,이상신 / 국중록,토,"스토리, 판타지","흥분하면 거대해지는 그놈!
박성기를 함부로 자극하지 마라​
생체병기 '핑크맨'의 신체 부위를 나눠가진 초능력자들이 펼치는 박진감 넘치는 액션",네이버 웹툰
301,301,동트는 로맨스,유월,토,"스토리, 로맨스","필름이 끊긴 사이, 짝사랑 후배와 무슨 일이...?!
어리둥절해도 어쨌든 해는 뜬다, 귀염뽀짝 청춘로맨스",네이버 웹툰
302,302,피라미드 게임,달꼬냑,토,"스토리, 스릴러","매달 마지막 주 목요일 5교시, 잔혹한 서열게임이 시작된다.
이 섬뜩한 교실에서 전학생 성수지는 살아남을 수 있을까?",네이버 웹툰
303,303,공유몽,주신 / 유령선,토,"스토리, 판타지","자각몽을 뛰어넘은 또 다른 꿈의 세계가 있다면?
꿈을 빼앗긴 자들이 모이는 곳",네이버 웹툰
304,304,아가사,이다인,토,"스토리, 드라마","‘다만 너를 사랑한 것이 나의 죄였다...’

그저 사랑하는 이와의 자유로운 일생을 꿈꾸었던 왕비 '아가사'.
두 눈이 가려진 채 살아온 그녀 앞에, 은밀하게 감춰져 왔던 왕국의 비밀들이 드러나게 되는데... 

어둠 속 마주한 진실의 끝자락.
배신과 암투, 갈망과 사랑, 인간적인 고뇌와 선택... 
과연 그녀는 무너지지 않고 여명의 끝자락을 붙잡을 수 있을까.",네이버 웹툰
305,305,두번째 생일,스프링,토,"스토리, 스릴러","열여덟 번째 생일 날. 
차마 기억하고 싶지 않은 '그것'이 찾아왔다.",네이버 웹툰
306,306,더 나우,이니,토,"스토리, 스릴러","10년 전의 순진한 나를 만났다.
""내가 다 고쳐줄게, 우리 인생""

과거 사건으로 인한 트라우마로 결국 28살에 스스로 죽음을 택한 '권지금'
그러나 정신차려보니 끔찍한 '그 일'이 발생하기 직전인 10년 전 과거로 돌아와있고,
열 살 어린 자기자신과 마주하게 되는데...

그녀는 행복해질 수 있을까?",네이버 웹툰
307,307,단편.zip,웹툰작가,토,"옴니버스, 드라마","짧고 강렬하고 신선한 단편 모음zip.
장르, 소재, 설정, 길이 제한 없음!
매주 새로운 단편들이 공개된다!",네이버 웹툰
308,308,2-3승강장,김민찰스,토,"스토리, 스릴러","적당한 인싸 새내기 '강현수'는 지하철을 타고 가던 중 누군가로부터 협박 톡을 받는다.
협박 톡을 보낸 범인은 강현수를 위협하며 여러 가지 지시를 내린다.
강현수는 범인의 정체를 알아내려 노력하지만 예상은 모두 빗나간다.
찾아낸 단서는 범인이 강현수를 '잘 알고 있는 사람'이라는 것뿐.
상황은 걷잡을 수 없이 흘러가고 강현수는 결국 범인과 마주하게 된다.
그리고 사건의 진상이 밝혀지는데..

2-3 승강장에 탄 모두가 피해자며 가해자다.
2020 지상최대공모전 대상 수상 작품!",네이버 웹툰
309,309,왕년엔 용사님,고샤 / 솔렘,토,"스토리, 판타지","동네 슈퍼 아줌마 '명옥'에게
어딘가 낯익은 불청객이 찾아온다.
""뭐?! 마왕을 봉인해달라니, 난 올해로 49살이라고!!""
2019 최강자전 대상 수상작!",네이버 웹툰
310,310,남자주인공의 여자사람친구입니다,류희온 / 카콘,토,"스토리, 로맨스","어느 날 눈을 떠보니 소설 속 악녀로 환생 해버렸다…?!
살기 위해서는 남자 주인공을 피해야만 한다!",네이버 웹툰
311,311,먹이,외눈박이 / 박수봉,토,"옴니버스, 스릴러","‘불길한 것들이 현실로 넘어오기 시작했다’ 
귀신을 보는 아이들과 그들이 겪는 악몽 같은 이야기들.",네이버 웹툰
312,312,홍시는 날 좋아해!,강하다 / 웃는해,토,"에피소드, 로맨스","스무 살 고3 홍시호가 전학 왔어요! 방긋방긋 웃는 모습 뒤에는 어떤 비밀이...?
단내 나는 홍시가 예쁘게 여물어가는 이야기.",네이버 웹툰
313,313,반드시 해피엔딩,"플아다, 불사 / 재림",토,"스토리, 로맨스","쇼윈도 부부를 끝내는 날, 남편이 죽었다.
슬픔에 잠긴 아내, 연우에게 100일의 시간이 다시 찾아온다!
연우는 남편, 선재의 죽음을 막기 위해 고군분투하는데…
 
두 번째 인생에서야 겨우 시작된 ‘진짜’ 결혼생활.
뒤늦게 썸 타는 부부의 아슬아슬 안달복달 생명유지 로맨스.
‘이번 생은 내가 반드시 해피엔딩으로 해줄 거예요!’",네이버 웹툰
314,314,광해의 연인,유오디아 / 러시,토,"스토리, 로맨스","아빠를 구하기 위해 조선시대로 타임슬립 한 경민. 그리고 그곳에서 만난 광해군,
400년의 시간을 뛰어넘은 특별한 사랑이야기",네이버 웹툰
315,315,웰캄투실버라이프,솔녀,토,"에피소드, 일상","보고만 있어도 힐링되는 할아버지, 할머니와의 일상! 
라떼는 말이야~ 금지!! 황혼 청춘의 본격 소통 이야기",네이버 웹툰
316,316,내게 필요한 NO맨스,마그네슘,토,"스토리, 로맨스","한번도 연애감정을 느낀 적 없는 아연은 혼자 남을 두려움에 신을 원망한다.
그리고 갑자기 엄청난 남자들과 엮이기 시작하는데..?
2019 지상최대 공모전 3기 장려상 수상작!",네이버 웹툰
317,317,군주,박산하,토,"스토리, 스포츠","천식 환자 '제갈길'은 종합격투기(MMA) 선수였던 형의 원한을 갚기 위해 필사적으로 MMA를 배운다.
MMA 카이저 헤비급 세계챔피언 '라이버다크게세이라'에게 도전하기 위해
무수한 강자들과 싸우며 꺾어 가는 전투과정이 펼쳐진다.",네이버 웹툰
318,318,태백 : 튜토리얼 맨,이난 / 백세,토,"스토리, 판타지","초보스킬만 Lv.999!
자아를 갖게 된 튜토리얼 NPC의 모험기!!",네이버 웹툰
319,319,율리,돌배,토,"스토리, 드라마","신의 사원의 대도서관 관장인 쿠무치는 한 노예시장에서 율리라는 이름의 아이를 데려온다. 
사원의 일꾼 대신 율리에게 맡겨진 임무는 이웃나라로 함께 가서 사원의 지도자인 '하늘스승'의 후계자를 찾아 데려오는 것이다. 
쿠무치와 율리는 신의 사원을 나와 동쪽으로 떠나는 먼 길을 떠난다. 
두 사람은 여행길에 여러 다양한 사람들을 만나고 여러 나라를 거쳐 여행한다. 
그리고 그들은 드디어 찾고 있었던 '작은하늘스승'을 만나게 된다.",네이버 웹툰
320,320,왕세자 입학도,무번,토,"스토리, 드라마","조선 후기, 성균관에 자그마한 신참이 들어온다! 
모종의 이유로 정체를 숨기고 성균관 유생이 된 
왕세자가 보고 겪는 체험! 민중의 현장!",네이버 웹툰
321,321,키스 식스 센스,갓녀 / 조코봉,토,"스토리, 로맨스","키스하는 순간 미래가 보인다!

키스하면 미래가 보이는 예술은 실수로 상사 차민후 팀장의 목에 키스를 한다.

그 순간 예술은 미래에 차민후와 함께있는 자신의 모습을 보게 되는데……
그런데 왜 하필 침대에서 뒹구는 모습인 거야?!
썸은 커녕 언젠가 회사 그만 둘 때 꼭 뒷통수 한 대 후려치고 갈 생각이었는데…!

어떻게든 끔찍한 미래가 현실이 되지 않게 열심히 부정해보지만
이 남자, 자꾸만 나한테 다가온다!

원수보다 못한 우리 사이, 진짜 로맨스가 있긴 한 거야?!
아슬아슬, 화끈한 초감각 로맨스 &lt;키스 식스 센스&gt;.",네이버 웹툰
322,322,"저무는 해, 시린 눈",MURO,토,"스토리, 드라마","태양의 신 카리야의 가호를 받은 마녀 '힐데가르'.
고향을 잃은 북부인 '에르킨'은 마녀를 쫓아 이름 없는 성으로 향한다.",네이버 웹툰
323,323,탑코너,윤성 / 라군,토,"스토리, 스포츠","수학 천재의 킥오프! 
꿈을 좇는 소년들의 축구드라마",네이버 웹툰
324,324,동네몬스터,이현민 / 이세형,토,"스토리, 액션","화려한 과거의 아저씨X정의의 고등학생
두 명의 몬스터가 동네의 평화를 지킨다!",네이버 웹툰
325,325,팔려 온 신부,"지기, 시크크 / 지기",토,"스토리, 로맨스","고군분투 성장 사극 로맨스!
“오백 냥, 그 돈의 값어치를 다할 때까지 그대는 내 신부다.”
조선 최대 화룡 상단의 대행수 최태웅. 
세상의 모든 걸 돈으로 사고팔던 그가 과연 신부까지 돈으로 살 수 있을까?",네이버 웹툰
326,326,압락사스,247,토,"스토리, 스릴러","사이비 종교가 장악한 지역. 그곳에선 무자비한 살인마 황호인의 범죄와 함께 전염병까지 번져나간다.
꼬일대로 꼬인 악의 연대기.",네이버 웹툰
327,327,좋은데 어떡해,여은,토,"스토리, 로맨스","맘에 드는 사람이 생기면 일단 표현하고 직진하는 탓에
짝남, 썸남에게 전부 차이기만 하고 연애를 좀처럼 시작할 수가 없는 정연우.
그런데 갑자기 연우에게 남자들이 다가온다...?!
중학교 동창 서지완, 같은 과 동기 권우주, 동아리 선배 강하경까지! 이번엔 연애를 시작할 수 있을까?",네이버 웹툰
328,328,오늘부터 천생연분,노승아 / 달노도,토,"스토리, 로맨스","떠오르는 스타이자 오랜 소꿉친구인 ‘소다경’과 ‘지민우’
스캔들에 휘말려 시작한 공개 ‘비즈니스 연애’가 급속도로 ‘결혼’까지 발전한다!
하지만 일사천리로 진행된 이 결혼 어딘가 수상한데...?!",네이버 웹툰
329,329,모두 너였다,"이순기, 이재익 / 오정호",토,"스토리, 로맨스","근 미래, 생체공학박사이자 클론 테스터 '유리'는 남편의 외도로 하루하루를 고통 속에 살고 있다.
그러던 어느 날, 한달 후 폐기될 운명의 최신형 연애클론 '빅터'를 테스트하기 시작한다. 
그녀는 어느샌가 빅터로부터 마음의 위안을 얻는 한편, 남편이 자신에게 저지른 끔찍한 일들을 깨닫게 되는데...!",네이버 웹툰
330,330,아테나 컴플렉스,케이사르,토,"스토리, 판타지","이런 여신님은 처음!
어느 여신님의 수천년에 걸친 애절한 짝사랑 이야기",네이버 웹툰
331,331,후아유!,이범 / 이도윤,토,"스토리, 로맨스","매번 변하는 말투와 행동. 너, 대체 정체가 뭐야?",네이버 웹툰
332,332,도사 가온,김상민,토,"스토리, 판타지",도사가 되고픈 소년 가온과 무명도사의 도술액션 모험판타지!,네이버 웹툰
333,333,언플래시레슨,현,토,"스토리, 판타지","하라는 의문의 사고로 사회와 단절된 채 치료하며 지냈다.
17살이 되던 해, 처음으로 자신이 원하던 학교에 입학하기 위한 준비를 마쳤다.
입학 당일, 양부 김철수에 의해 초능력 학교, 특별 능력 고등학교 특별반 1학년 0반에 강제로 입학하게 된다.
초능력을 쓸 수 없는 하라는 평범하지 않은 1학년 0반 친구들과 얽히게 되면서 
학교에 적응하기 위해 자신만의 방법으로 무사히 졸업하기를 바라고 있다.",네이버 웹툰
334,334,손 잡아 볼래?,예타쿠,토,"스토리, 로맨스","지난 생각을 하면 이불을 뻥뻥차게 만드는 똥차같은 전 연인들!
만약, 연인과의 사랑의 결말을 알 수 있으면 똥차는 거르고
손쉽게 운명같은 사람을 알 수 있지 않을까?
그 궁금증, 해결해드립니다.",네이버 웹툰
335,335,"안녕, 이바다씨",문나영,토,"스토리, 로맨스","물이 무서운 여자와 물에 사는 남자의 
청량미 넘치는 여름 로맨스!",네이버 웹툰
336,336,꼬리 있는 연애,진하 / 헤폰,토,"스토리, 로맨스","""나무꾼의 환생과 결혼하지 않으면 여우가 된다고?!!""
운명의 상대를 찾기 위한 윤하의 고군분투 연애담이 시작된다.",네이버 웹툰
337,337,아침을 지나 밤으로,손지은,토,"스토리, 판타지","'사과나무의 대가로 48일간 아이를 빌려가겠습니다'
기묘한 편지와 함께 사라진 동생 녹스를 찾아 헤매는 마네의 모험을 그린 정통 판타지
2019년 네이버웹툰 최강자전 2위 수상작!",네이버 웹툰
338,338,인간졸업,진자 / 정생,토,"스토리, 드라마","세상을 떠들썩하게 한 코딩 영재 소경민의 죽음. 
하지만 석연찮다. 혹시 그가 죽지 않은 거라면...?!",네이버 웹툰
339,339,친구의 비밀계정,남방과일차 / 오제이,토,"스토리, 드라마","랜선친구 '공주'가 죽었다. 
죽음의 비밀을 풀 수 있는 건 3년간 공주와 대화한 '혜경' 뿐! 
폰 안의 대화 기록으로 그녀의 죽음을 쫓아야 한다. 
""공주를 죽인 건 누구인가""",네이버 웹툰
340,340,누군가의 로섬,방농구,토,"스토리, 드라마","실연의 상처로 우울해 있던 찰나, 
상냥하게 말을 걸어온 그 남자.
하지만 가까워질수록 어딘가 쎄한 기분이 든다.
 
이 남자 로섬의 정체가 궁금하다.",네이버 웹툰
341,341,함부로 대해줘,선우,토,"스토리, 로맨스","지금도 조선시대는 이어지고 있다?!
성산마을에서 온 철벽남 제자 신윤복과 저돌적인 직진녀 스승 김홍도의 본격 디펜스 로맨스.",네이버 웹툰
342,342,어른의 계절,선홍달,토,"에피소드, 드라마","배우의 꿈을 포기하고 학업에 매진하던 나래에게 영화를 만들자는 이원이 나타나고...
 스스로를 찾지 못하고 방황하던 나래는 점점 바뀌어가는데...",네이버 웹툰
343,343,먹지마세요,노도 / 비버,토,"스토리, 판타지","달콤한 복숭아 소년(?)
요괴와 귀신들에게 쫓기다.",네이버 웹툰
344,344,싸움독학,박태준 / 김정현,일,"스토리, 액션","힘없고 가진거 하나 없이 맞고만 살던 나였는데...
우연히 비밀의 뉴튜브를 발견하게 되고 갑자기 떼돈을 벌었다.",네이버 웹툰
345,345,약한영웅,서패스 / 김진석,일,"에피소드, 액션","선천적으로 약한 소년이
두뇌와 도구, 심리를 이용하여 싸운다.
이제 그의 또 다른 이름은 '은장백사'다.",네이버 웹툰
346,346,열렙전사,김세훈,일,"스토리, 판타지","'퀘스트를 클리어 하는 자, 모든 것을 얻을 것이다'
현실 밖의 현실, 루시드 어드벤쳐 최강의 용사 '열렙전사'와 동료들이 벌이는 본격 RPG 어드벤쳐.",네이버 웹툰
347,347,이번 생도 잘 부탁해,이혜,일,"스토리, 로맨스","19회차 인생 로맨스의 최대 라이벌은 18회차 때의 나?
전생을 기억하는 여자의 저돌적 로맨스",네이버 웹툰
348,348,입학용병,YC / 락현,일,"스토리, 액션","어린 시절 비행기 추락 사고의 유일한 생존자 유이진. 
살아남기 위해 용병으로 살아가던 유이진은 10년 후, 가족이 있는 고향으로 돌아왔다.",네이버 웹툰
349,349,맘마미안,미티 / 구구,일,"스토리, 드라마","아들보다 어려진 엄마?!
다 큰 아들의 목숨을 건 엄마 뒷바라지!",네이버 웹툰
350,350,소녀재판,루즌아 / 보로콤,일,"스토리, 드라마","학교에서 아무것도 아니었던 소녀의 예측불허 재판이 시작된다!
평범한 박가을은 소위 '잘나가는 그룹'에 속하는 한유현의 비밀스러운 사건을 목격하고
이를 이용해 한유현을 협박해서 본인이 동경했던 그룹에 속하고 싶어하는데...",네이버 웹툰
351,351,테러대부활,한동우 / 고진호,일,"스토리, 액션","드디어 테러맨과 부활남이 만났다. 
‘파괴는 부활의 시작이다.’ 새로운 악의 등장으로 전세계가 위험에 빠진다. 
불행을 보는 능력을 가진 민정우와 다시 살아나는 능력을 가진 석환, 두 히어로는 다른 선택을 하게 되는데..  과연 최후의 승자는? 
한동우 X 고진호의 슈퍼스트링 첫 크로스오버 작품",네이버 웹툰
352,352,"곱게 키웠더니, 짐승","이른꽃,티바 / 여슬기",일,"에피소드, 드라마","반쪽짜리 황녀 블론디나. 외로운 그녀의 유일한 친구는 귀여운 고양이...가 아니라, 만인이 두려워하는 흑표범 신수 에이몬!
자신과 닮아 외로워 보이는 신수님을 치료해주고, 간식 주고, 곱게 키워줬더니...
""그렇게 도망가면 사냥하고 싶어져."" 오히려 곱게 잡아먹히게 생겼다?!",네이버 웹툰
353,353,천하제일인,권순규 / 신권이,일,"스토리, 액션","걸렸다하면 영혼까지 탈탈 털어 
참교육 시켜주시는 화악골 심부름꾼, 소마.
가공할 마령성의 위협으로부터 화악골을 지켜야 하는데...

​지킬 수... 있을까??",네이버 웹툰
354,354,나만 보여!,LICO,일,"스토리, 드라마","학교 익명게시판이 나에게만 실명으로 보인다면?
교내 익명 어플 ‘몰래몰래’에는 여러 가지 비밀들이 매일 익명으로 올라온다.
10년째 소꿉친구인 '하영'을 짝사랑 중인 '민준'은 '몰래몰래' 다운로드 중 생긴 오류로 인해 익명 게시글들이 모두 실명으로 보이게 되고, '하영'의 남자친구인 '기주'가 바람피우고 있다는 충격적인 사실을 알게 되는데...",네이버 웹툰
355,355,오로지 너를 이기고 싶어,아마도지 / 사삭,일,"에피소드, 로맨스","태어나서 단 한번도 패배해본 적 없는 남주 '이기고'
그런 이기고를 처음으로 패배하게 만든 여주 '오로지'
과연 이 '내기'의 승자는 누가 될 것인가?",네이버 웹툰
356,356,동생친구,님니,일,"스토리, 로맨스","사고로 부모님이 돌아가신 후 고등학생인 남동생과 둘이 살고 있는 대학교 3학년 가은.
아픔을 겉으로 티내지 않고 밝고 자신감 있게 살고 있다고 본인은 생각 중이다.
딱 자기 취향이었던 남자 친구에게 차인 후 더 이상 연애를 하지 않겠다고 생각했지만,
어릴 때부터 알고 지내던 아는 동생 도완, 동생의 반 반장 상우,알바 중인 미술학원 수강생 준과 엮이며
별안간 연하남들의과 미묘한 분위기가 된다.
동생 친구와 결혼하기로 했다며 친구들에게 청첩장을 건네는 가은. 과연 셋 중 누구와 결혼하게 될까...?",네이버 웹툰
357,357,살아남은 로맨스,이연,일,"스토리, 판타지","로맨스 소설에 빙의해 행복한 삶을 살던 채린.
그녀의 눈에 남자주인공인 '제하' 외에는 모두 검은색 그림자로밖에 보이지 않는다.
그리고 갑자기 바뀐 소설의 장르. 
살아남으려면 엑스트라들과 손을 잡아야 한다!!
&lt;화장 지워주는 남자&gt; 이연 작가의 차기작, 세상에 이런 장르는 없었다!",네이버 웹툰
358,358,인어를 위한 수영교실,용찬,일,"스토리, 로맨스","헤엄에 서툰 인어를 위한 수영 교실! 
초아는 수영을 배워 그리워하던 바다로 다시 돌아갈 수 있을까?",네이버 웹툰
359,359,행성인간,조석,일,"스토리, 스릴러","내가 어떤 존재들의 행성이라면?
조석 작가가 그리는 신개념 스릴러",네이버 웹툰
360,360,합격시켜주세용,이온,일,"스토리, 판타지","천년째 용이 되려는 수험생 바리와
전설의 과외선생 찬영이의 낙동강 용 합격 수기",네이버 웹툰
361,361,마법스크롤 상인 지오,엄재경 / 호패,일,"스토리, 판타지","마법사인 듯, 마법사 아닌
마법사 같은 너! 오지오!",네이버 웹툰
362,362,가비지타임,2사장,일,"스토리, 스포츠","열혈따윈 개나 줘.
낙오자들 뿐인 농구부의 운명은?",네이버 웹툰
363,363,구름이 피워낸 꽃,비온후,일,"스토리, 로맨스","이름뿐인 왕녀에서 진정한 왕녀로!
아름다운 연꽃 아래 가려진 궁중 로맨스",네이버 웹툰
364,364,별이삼샵,혀노,일,"스토리, 드라마","ㄱ나니? 발신자 제한번호로 그녀에게 마음을 전했던 이야기. 
'남과여' 혀노 작가가 담아낸
 촌스럽지만 풋풋했던 2000년대 그 시절.",네이버 웹툰
365,365,AI가 세상을 지배한다면,POGO / HOOPA,일,"옴니버스, 판타지","한국은 최첨단 AI 개발에 성공한다. 
그 후 100년, 세상은 AI를 지도자로 맞이한다. 
기술 발전의 특이점이 온 세상. 
삭막하고도, 기괴한 풍경을 그린 SF 옴니버스.",네이버 웹툰
366,366,사람은 고쳐 쓰는 게 아니야!,염라 / 구일하,일,"스토리, 판타지","나는 신이 제일 먼저 만든 인간이었다. 나는 사랑받는 게 당연해서 타인에게 한번도 사랑을 베풀지 않았다.
어느 날, 신이 노하여 내 앞에 나타났고 내게 문제를 내었다.
나는 그 문제의 답을 찾을 때까지 마음대로 죽지 못한다.
이번에 환생하면 답을 꼭 찾겠어. 그런데... “뺘아아!” 아기 황녀의 몸으로 환생?! 망했다!",네이버 웹툰
367,367,다이스(DICE),윤현석,일,"스토리, 판타지","빵셔틀 남학생 동태가 우연히 얻게 된 주사위 '다이스'. 이 주사위만 굴리면 얼굴, 신체, 능력치 등 모든 걸 바꿀 수 있다고? '최후의 다이스'를 손에 얻기 위한 판타지 게임이 시작된다!",네이버 웹툰
368,368,판사 이한영,문성호 / 전돌돌,일,"스토리, 드라마","법정 안에서 정의를 실현할 수 있다고 믿었던 판사 이한영은 상관의 명령을 따르지 않고 재벌에게  실형 선고를 내렸다가 살해당하고 만다. 
하지만 어렸을 적 들었던 땡중의 헛소리 때문일까? 이한영은 모든 기억을 가지고 두 번째 삶의 기회를 얻는다. 
오로지 정의밖에 모르는 사법부의 이단아 이한영, 세상이 그를 필요로 한다.",네이버 웹툰
369,369,벚꽃이 흩날릴 무렵,황양,일,"스토리, 드라마","살인미수 현장에서 체포된 범인. 
범인은 고등학생이었다. 
그 고등학생의 자백이 시작된다.",네이버 웹툰
370,370,강남도깨비,이경민 / 송준혁,일,"스토리, 판타지","전세계 44명, 황금의 피를 가진 전교1등을 노리는 도깨비가 나타났다.
지상 최대 공모전 최우수상 수상작!!",네이버 웹툰
371,371,학교정벌,나락 / 지앤,일,"스토리, 판타지","학교는 공부하는 곳이 아니다.
학생의 성적과 재능이 무기가 되고, 학교가 이동 요새가 되어 벌어지는 학교정벌!
밑바닥 학교의 전교회장인 마파람이 보여주는 뜨거운 반란.",네이버 웹툰
372,372,푸른불꽃,닺,일,"스토리, 드라마","유년시절 트라우마를 겪은 '문가야'. 새롭게 전학 온 학교에서 완벽한 모범생이자 모두에게 사랑받는 여왕 '차애리'를 만난다. 
위험하면서도 아름다운 그녀에게 가야는 점점 빠져들게 되고 억눌러왔던 내면의 무언가가 깨어나기 시작한다. 
'이 지옥에서 우린 자유로워질 수 있을까?'",네이버 웹툰
373,373,평행도시,고다,일,"스토리, 판타지","날 찾아온 또 다른 나..?
극악무도한 도플갱어의 습격,
그리고 눈 앞에 펼쳐진 끔찍한 평행세계.
다시 예전의 삶으로 돌아갈 수 있을까?",네이버 웹툰
374,374,라일락 200%,아니영,일,"스토리, 로맨스","아이돌 덕후 연하늘과 걸그룹 센터 진분홍의 영혼 체인지!
'누나 안 바쁘면 비상구에서 잠깐 볼래요?' 최애를 매일 밤 만날 수 있다니! 이 순간을 잃고 싶지 않아.",네이버 웹툰
375,375,결혼까지 망상했어!,문주,일,"스토리, 로맨스","'내게는 짝남도 강제 남사친일 뿐' 
10대 안에 한 번이라도 연애를 해보는 게 소원이지만 호감 상대와 결혼까지 망상하면 절대 성사되지 않는다는 징크스를 지닌 소망. 
연애의 '연'자도 허용되지 않던 그녀의 현실에도 볕 들 날이 오긴 하는데... 이게 과연 썸이 맞긴 할까? 망상 소녀 소망의 유쾌 발랄 로맨스.",네이버 웹툰
376,376,아르세니아의 마법사,박성호 / SAYM,일,"스토리, 판타지","평범한 고등학생에서 벗어나 레드 드래곤 레이어드에 의해 아르세니아 대륙으로 소환된 이결.
집으로 가기 위해서는 마법사가 되어서 드래곤 하트 조각을 모아야만 한다!
마법사가 되어버린 고등학생 이결은 새로운 동료들과 함께 아르세니아 대륙 모험을 시작한다!",네이버 웹툰
377,377,데빌샷,CTK,일,"스토리, 판타지","죽음을 마주한 순간,
지하세계의 왕과 계약했다.",네이버 웹툰
378,378,두근두근 연극부,김태경,일,"스토리, 로맨스","&lt;결계녀&gt; 김태경 작가 신작. 전학생 김승민, 여자친구를 사귀기 위해 예쁜 애들이 많은 연극부로 직행한다. 그 연극부는 수많은 남학생들이 부원들의 미모에 속아서 들어왔다가 버티지 못하고 탈퇴해서 인원이 딱 1명 모자랐는데..! ""우리 연극부에 들어올래? 1년간 연극부에서 버티면 부원들 중 누군가가 여친이 되어줄게♡""",네이버 웹툰
379,379,오른눈이 보는 세계,코어,일,"스토리, 판타지","“인간은 반드시 행복해야 한다.”
칩으로 감정을 통제하는 사회. 그리고 칩을 해킹하여 환각을 보게 하는 해커. 
부정적인 감정이 금지된 세상에서 우울증을 앓고 있는 화이트해커 아연의 생존기",네이버 웹툰
380,380,잉여특공대,물꾹 / 찰떡,일,"스토리, 판타지",뽀짝이 특공대원들의 슈퍼히어로맨스!,네이버 웹툰
381,381,조선여우스캔들,"문종호, 차소희 / 정후",일,"스토리, 로맨스","우리가 아는 전래동화는 사실 하늘에서 도망친 신수들이 벌인 범죄극이다!
하늘에서 어사로 파견된 여우 시호. 조선 최고의 기생이자 사기꾼 초란.
재주도 많고 사연도 많은 이들이 도깨비들의 수장 담과 함께
인간들을 괴롭히는 악한 신수들을 쫓아, 전래동화 속 이야기를 유쾌하게 뒤집고,
하늘마저 눈물을 흘릴 애틋한 사랑도 함께 시작한다. 바로 지금!",네이버 웹툰
382,382,오늘 밤만 재워줘,해번 / 유나나,일,"스토리, 로맨스","28살 모태솔로 감규리, 드디어 남자에게 '고백'을 받았는데... 
술에 취해 기억이 나지 않는다?!",네이버 웹툰
383,383,경비 배두만,이영곤,일,"스토리, 액션","지난 인생이 후회스러운 건달 출신의 60대 아파트 경비원 '두만'과 남은 인생이 막막한 20대 흥신소 직원 '새봄'
거대한 범죄 세력에 맞서기 위해 힘을 합쳤다!",네이버 웹툰
384,384,내일,라마,일,"옴니버스, 드라마","다 되는데 취업만은 안되는 취준생 최준웅(27세,남)
우연한 사고로 저승독점기업 주마등의 저승차사들을 만나게되고
 
특별 위기관리팀의 계약직 막내로 일하며 위기에 처한 사람들을 돕게 되는데.",네이버 웹툰
385,385,여름은 뜨겁다,JQ / ZK,일,"스토리, 드라마","'어둠을 삼키는 흑룡’ 이라 불리는 동대정고 최강자  ‘신서용’.
그의 앞에 둘도 없는 친구  ‘피를 뿌리는 적룡, 한대용＇의 여동생 ‘한여름’이 나타난다. 
예측불허 여름과 얽히며 벌어지는 학원 코믹 성장물",네이버 웹툰
386,386,"라커, 오프너",만취 / 바른꽃,일,"스토리, 판타지","무엇이든 '여는' 능력을 가진 김도빈 형사 앞에, 무엇이든 '잠가버리는' 범죄자 '라커'가 나타난다.
중요한 진실, 하나뿐인 관계, 천재적인 재능이 속수무책으로 '잠겨버리는' 사건들 앞에 '라커'를 잡기 위한 '오프너'의 분투...!",네이버 웹툰
387,387,신이 담긴 아이,건치 / 호진,일,"스토리, 판타지","이승과 저승 사이, 신의 피가 흐르는 아이들을 위한 무당학교에
'예언의 아이'가 나타났다.",네이버 웹툰
388,388,소녀 해미,이현우,일,"스토리, 스릴러","""난 당신을 지옥으로 보낼거야"" 복수를 꿈꾸는 소녀 해미. 그녀는 천재적인 머리를 활용하여 재벌가 손녀딸로 신분 세탁을 하는데...",네이버 웹툰
389,389,위험한 신입사원,박수정 / Jiya,일,"스토리, 로맨스","신입사원만 기다려온 입사 3년 차 그녀 정유림
그런데 왜 하필 회장님의 친손자가 신입 막내라니?!
신입사원 연하남과 위험천만 비밀 연애가 시작된다.",네이버 웹툰
390,390,데이즈,양수,일,"스토리, 스릴러","대한민국 최고 재벌가의 첫째 아들이자 집안의 망나니 ‘한지한’은 오늘도
거하게 취했다. 오랜만에 아버지의 부름을 받고 집으로 갔지만
그 곳에는 아버지와 동생의 시체, 홀로 살아 있는 막내 ‘한지훈’만이 있었다.
어제까지 어리광 부리던 막내가 수많은 경찰들 앞에서 손가락을 들어
‘한지한’을 범인으로 지목하는데?!",네이버 웹툰
391,391,마도,이밤,일,"스토리, 판타지","""그 얼굴, 안 쓸 거면 나줘!""
자신의 운명을 모른 채 마법사와 위험한 계약을 한 주인남.
악마를 잡는 마녀의 등장과 엉망이 돼버린 대학생활.
신박한 오컬트 액션 스릴러!
위험한 변신이 시작된다.",네이버 웹툰
392,392,죽여주는 탐정님,뻥 / 조은,일,"스토리, 스릴러","타인의 거짓말을 꿰뚫어보는 고교생 백아. 
거짓으로 사건을 만들어내는 탐정을 만나고, 
세상에 그의 진실을 밝혀내야 한다.",네이버 웹툰
393,393,샤인 스타,김현,일,"스토리, 로맨스","전학생 선유별이 좋아하는 김샤인은 학교에서 유명한 달리기 스타. 잘생긴 얼굴에 뛰어난 운동신경!
‘내가 지금보다 조금 더 빨라지면, 그래서 김샤인을 앞지를 정도로 빨라진다면 나를 바라봐 줄까?'
달리기보다 잿밥에 관심 많은 달리기 천재 선유별과 오로지 달리기밖에 모르는 달리기 바보 김샤인, 육상부 소년소녀들의 좌충우돌 청춘 성장 드라마.",네이버 웹툰
394,394,스트러글,윤준식 / 백지운,일,"스토리, 액션","친구의 억울한 죽음 이후 도망치듯 강원도 오지의 대안학교로 간 은가비.
그곳에서 비밀스러운 수련법을 받아들이게 되는데... 은가비의 본격적인 복수가 시작된다!",네이버 웹툰
395,395,호시탐탐,박현정,일,"스토리, 로맨스","윗집엔 호랑이? 아랫집엔 곰! 
그 녀석이 이사 온 후 이상한 일이 생긴다. 
곰과 호랑이의 시대를 넘은 로맨스, 그 결말은?!",네이버 웹툰
